ICaLineCode,ICaStationCode,ICaCompanyName,ICaLineName,ICaStationName,ICaNote
0,0,北陸鉄道,金沢駅〜円光寺,金沢駅〜円光寺,
112,0,北陸鉄道グループ,82 鳴和・増泉,本多町,
503,0,北陸鉄道グループ,寺井庁舎前,金沢駅,
503,4,北陸鉄道グループ,寺井庁舎前,香林坊,
503,5,北陸鉄道グループ,寺井庁舎前,片町,
503,24,北陸鉄道グループ,寺井庁舎前,松任,
920,0,北陸鉄道グループ,金沢ふらっとバス 菊川ルート,香林坊,0920系統循環
920,1,北陸鉄道グループ,金沢ふらっとバス 菊川ルート,片町,0920系統循環
920,2,北陸鉄道グループ,金沢ふらっとバス 菊川ルート,大工町,0920系統循環
920,3,北陸鉄道グループ,金沢ふらっとバス 菊川ルート,タテマチ,0920系統循環
920,4,北陸鉄道グループ,金沢ふらっとバス 菊川ルート,新竪町,0920系統循環
920,5,北陸鉄道グループ,金沢ふらっとバス 菊川ルート,桜橋,0920系統循環
920,6,北陸鉄道グループ,金沢ふらっとバス 菊川ルート,上川除,0920系統循環
920,7,北陸鉄道グループ,金沢ふらっとバス 菊川ルート,菊川町公民館,0920系統循環
920,8,北陸鉄道グループ,金沢ふらっとバス 菊川ルート,川上広見,0920系統循環
920,9,北陸鉄道グループ,金沢ふらっとバス 菊川ルート,犀川大通り,0920系統循環
920,10,北陸鉄道グループ,金沢ふらっとバス 菊川ルート,猿丸児童公園,0920系統循環
920,11,北陸鉄道グループ,金沢ふらっとバス 菊川ルート,二十人坂,0920系統循環
920,12,北陸鉄道グループ,金沢ふらっとバス 菊川ルート,一本松陸橋,0920系統循環
920,13,北陸鉄道グループ,金沢ふらっとバス 菊川ルート,上石引,0920系統循環
920,14,北陸鉄道グループ,金沢ふらっとバス 菊川ルート,小立野下馬,0920系統循環
920,15,北陸鉄道グループ,金沢ふらっとバス 菊川ルート,大学病院,0920系統循環
920,16,北陸鉄道グループ,金沢ふらっとバス 菊川ルート,中石引,0920系統循環
920,17,北陸鉄道グループ,金沢ふらっとバス 菊川ルート,飛梅町,0920系統循環
920,18,北陸鉄道グループ,金沢ふらっとバス 菊川ルート,厚生年金会館,0920系統循環
920,19,北陸鉄道グループ,金沢ふらっとバス 菊川ルート,県立美術館,0920系統循環
920,20,北陸鉄道グループ,金沢ふらっとバス 菊川ルート,21世紀美術館,0920系統循環
920,21,北陸鉄道グループ,金沢ふらっとバス 菊川ルート,観光会館,0920系統循環
920,22,北陸鉄道グループ,金沢ふらっとバス 菊川ルート,市役所柿木畠,0920系統循環
920,23,北陸鉄道グループ,金沢ふらっとバス 菊川ルート,香林坊,0920系統循環
920,255,北陸鉄道グループ,金沢ふらっとバス 菊川ルート,(菊川ルート),0920系統循環
940,11,北陸鉄道グループ,金沢ふらっとバス 材木ルート,賢坂辻,
940,19,北陸鉄道グループ,金沢ふらっとバス 材木ルート,浅野川大橋,
1101,0,北陸鉄道グループ,11金沢東高校,金沢駅西口,
1101,10,北陸鉄道グループ,11金沢東高校,石引町,
1308,0,北陸鉄道グループ,13 医王山,金沢駅,
1308,1,北陸鉄道グループ,13 湯谷原（医王山線）,リファーレ前,9505系統下り
1308,2,北陸鉄道グループ,13 湯谷原（医王山線）,武蔵ヶ辻,9505系統下り
1308,3,北陸鉄道グループ,13 湯谷原（医王山線）,南町,9505系統下り
1308,4,北陸鉄道グループ,13 湯谷原（医王山線）,香林坊,9505系統下り
1308,5,北陸鉄道グループ,13 湯谷原（医王山線）,広坂,1308系統下り
1308,6,北陸鉄道グループ,13 湯谷原（医王山線）,兼六園下,1308系統下り
1308,7,北陸鉄道グループ,13 湯谷原（医王山線）,出羽町,1308系統下り
1308,8,北陸鉄道グループ,13 医王山,石引町,
1402,0,北陸鉄道グループ,14 田上（田上住宅線）,香林坊,1402系統下り
1402,1,北陸鉄道グループ,14 田上（田上住宅線）,広坂,1402系統下り
1402,2,北陸鉄道グループ,14 田上（田上住宅線）,兼六園下,1402系統下り
1402,3,北陸鉄道グループ,14 田上（田上住宅線）,出羽町,1402系統下り
1402,4,北陸鉄道グループ,14 田上（田上住宅線）,石引町,1402系統下り
1402,5,北陸鉄道グループ,14 田上（田上住宅線）,小立野,1402系統下り
1402,6,北陸鉄道グループ,14 田上（田上住宅線）,如来寺前,1402系統下り
1402,7,北陸鉄道グループ,14 田上（田上住宅線）,金商高校前,1402系統下り
1402,8,北陸鉄道グループ,14 田上（田上住宅線）,小立野二丁目,1402系統下り
1402,9,北陸鉄道グループ,14 田上（田上住宅線）,旭町一丁目,1402系統下り
1402,10,北陸鉄道グループ,14 田上（田上住宅線）,市農協金浦支所前,1402系統下り
1402,11,北陸鉄道グループ,14 田上（田上住宅線）,田上出張所前,1402系統下り
1402,12,北陸鉄道グループ,14 田上（田上住宅線）,田上一丁目,1402系統下り
1402,13,北陸鉄道グループ,14 田上（田上住宅線）,田上住宅,1402系統下り
1802,0,北陸鉄道グループ,18 花里,金沢駅,
1802,1,北陸鉄道グループ,18 花里,リファーレ前,
1802,2,北陸鉄道グループ,18 花里,武蔵ヶ辻,
1802,3,北陸鉄道グループ,18 花里,南町,
1802,4,北陸鉄道グループ,18 花里,香林坊,
1802,5,北陸鉄道グループ,18 花里,広坂,
1802,6,北陸鉄道グループ,18 花里,本多町,
1802,7,北陸鉄道グループ,18 花里,幸町,
1802,8,北陸鉄道グループ,18 花里,思案橋,
1802,9,北陸鉄道グループ,18 花里,猿丸神社前,
1802,10,北陸鉄道グループ,18 花里,笠舞二丁目,
1802,11,北陸鉄道グループ,18 花里,笠舞一丁目,
1802,12,北陸鉄道グループ,18 花里,赤坂,
1802,13,北陸鉄道グループ,18 花里,三口新町,
1802,14,北陸鉄道グループ,18 花里,花里住宅,
1802,15,北陸鉄道グループ,18 花里,涌波三丁目,
1802,16,北陸鉄道グループ,18 花里,涌波二丁目,
1802,17,北陸鉄道グループ,18 花里,涌波一丁目,
1802,18,北陸鉄道グループ,18 花里,大道割,
1802,19,北陸鉄道グループ,18 花里,永安町,
1802,20,北陸鉄道グループ,18 花里,末,
1802,21,北陸鉄道グループ,18 花里,都雅野住宅,
1802,22,北陸鉄道グループ,18 花里,東部車庫,
1803,0,北陸鉄道グループ,18 花里,金沢駅,
1803,1,北陸鉄道グループ,18 花里,リファーレ前,
1803,2,北陸鉄道グループ,18 花里,武蔵ヶ辻,
1803,3,北陸鉄道グループ,18 花里,南町,
1803,4,北陸鉄道グループ,18 花里,香林坊,
1803,5,北陸鉄道グループ,18 花里,広坂,
1803,6,北陸鉄道グループ,18 花里,本多町,
1803,7,北陸鉄道グループ,18 花里,幸町,
1803,8,北陸鉄道グループ,18 花里,思案橋,
1803,9,北陸鉄道グループ,18 花里,猿丸神社前,
1803,10,北陸鉄道グループ,18 花里,笠舞二丁目,
1803,11,北陸鉄道グループ,18 花里,笠舞一丁目,
1803,12,北陸鉄道グループ,18 花里,赤坂,
1803,13,北陸鉄道グループ,18 花里,三口新町,
1803,14,北陸鉄道グループ,18 花里,花里住宅,
1803,15,北陸鉄道グループ,18 花里,涌波三丁目,
1803,16,北陸鉄道グループ,18 花里,涌波二丁目,
1803,17,北陸鉄道グループ,18 花里,涌波一丁目,
1803,18,北陸鉄道グループ,18 花里,大道割,
1803,19,北陸鉄道グループ,18 花里,永安町,
1803,20,北陸鉄道グループ,18 花里,末,
1803,21,北陸鉄道グループ,18 花里,都雅野住宅,
1803,22,北陸鉄道グループ,18 花里,東部車庫,
1803,23,北陸鉄道グループ,18 花里,金沢東高校,
1803,24,北陸鉄道グループ,18 花里,金沢学院大学,
2001,0,北陸鉄道グループ,20 香林坊経由 平和町,金沢駅西口,
2001,2,北陸鉄道グループ,20 香林坊経由 平和町,武蔵ケ辻（丸年前）,
2003,0,北陸鉄道グループ,20 金大附属学校自衛隊前（平和町線）,金沢駅,2003系統下り
2003,1,北陸鉄道グループ,20 金大附属学校自衛隊前（平和町線）,本町,2003系統下り
2003,2,北陸鉄道グループ,20 金大附属学校自衛隊前（平和町線）,武蔵ヶ辻,2003系統下り
2003,3,北陸鉄道グループ,20 金大附属学校自衛隊前（平和町線）,南町,2003系統下り
2003,4,北陸鉄道グループ,20 金大附属学校自衛隊前（平和町線）,香林坊,2003系統下り
2003,5,北陸鉄道グループ,20 金大附属学校自衛隊前（平和町線）,片町,2003系統下り
2003,6,北陸鉄道グループ,20 金大附属学校自衛隊前（平和町線）,広小路,2003系統下り
2003,7,北陸鉄道グループ,20 金大附属学校自衛隊前（平和町線）,寺町三丁目,2003系統下り
2003,8,北陸鉄道グループ,20 金大附属学校自衛隊前（平和町線）,寺町二丁目,2003系統下り
2003,9,北陸鉄道グループ,20 金大附属学校自衛隊前（平和町線）,寺町一丁目,2003系統下り
2003,10,北陸鉄道グループ,20 金大附属学校自衛隊前（平和町線）,十一屋,2003系統下り
2003,11,北陸鉄道グループ,20 金大附属学校自衛隊前（平和町線）,平和町,2003系統下り
2003,12,北陸鉄道グループ,20 金大附属学校自衛隊前（平和町線）,金大附属学校自衛隊前,2003系統下り
2101,0,北陸鉄道グループ,21 北陸学院短大（野田線）,金沢駅,2101系統下り
2101,1,北陸鉄道グループ,21 北陸学院短大（野田線）,本町,2101系統下り
2101,2,北陸鉄道グループ,21 北陸学院短大（野田線）,武蔵ヶ辻,2101系統下り
2101,3,北陸鉄道グループ,21 北陸学院短大（野田線）,南町,2101系統下り
2101,4,北陸鉄道グループ,21 北陸学院短大（野田線）,香林坊,2101系統下り
2101,5,北陸鉄道グループ,21 北陸学院短大（野田線）,片町,2101系統下り
2101,6,北陸鉄道グループ,21 北陸学院短大（野田線）,広小路,2101系統下り
2101,7,北陸鉄道グループ,21 北陸学院短大（野田線）,寺町三丁目,2101系統下り
2101,8,北陸鉄道グループ,21 北陸学院短大（野田線）,寺町二丁目,2101系統下り
2101,9,北陸鉄道グループ,21 北陸学院短大（野田線）,寺町一丁目,2101系統下り
2101,10,北陸鉄道グループ,21 北陸学院短大（野田線）,十一屋,2101系統下り
2101,11,北陸鉄道グループ,21 北陸学院短大（野田線）,平和町,2101系統下り
2101,12,北陸鉄道グループ,21 北陸学院短大（野田線）,金大附属学校自衛隊前,2101系統下り
2101,13,北陸鉄道グループ,21 北陸学院短大（野田線）,野田,2101系統下り
2101,14,北陸鉄道グループ,21 北陸学院短大（野田線）,自由が丘住宅,2101系統下り
2101,15,北陸鉄道グループ,21 北陸学院短大（野田線）,つつじが丘住宅口,2101系統下り
2101,16,北陸鉄道グループ,21 北陸学院短大（野田線）,万寿苑前,2101系統下り
2101,17,北陸鉄道グループ,21 北陸学院短大（野田線）,三小牛,2101系統下り
2101,18,北陸鉄道グループ,21 北陸学院短大（野田線）,北陸学院短大,2101系統下り
2102,0,北陸鉄道グループ,21 つつじが丘,金沢駅,2102系統下り
2102,1,北陸鉄道グループ,21 つつじが丘,本町,2102系統下り
2102,2,北陸鉄道グループ,21 つつじが丘,武蔵ヶ辻,2102系統下り
2102,3,北陸鉄道グループ,21 つつじが丘,南町,2102系統下り
2102,4,北陸鉄道グループ,21 つつじが丘,香林坊,2102系統下り
2102,5,北陸鉄道グループ,21 つつじが丘,片町,2102系統下り
2102,6,北陸鉄道グループ,21 つつじが丘,広小路,2102系統下り
2102,7,北陸鉄道グループ,21 つつじが丘,寺町三丁目,2102系統下り
2102,8,北陸鉄道グループ,21 つつじが丘,寺町二丁目,2102系統下り
2102,9,北陸鉄道グループ,21 つつじが丘,寺町一丁目,2102系統下り
2102,10,北陸鉄道グループ,21 つつじが丘,十一屋,2102系統下り
2102,11,北陸鉄道グループ,21 つつじが丘,平和町,2102系統下り
2102,12,北陸鉄道グループ,21 つつじが丘,金大附属学校自衛隊前,2102系統下り
2102,13,北陸鉄道グループ,21 つつじが丘,野田,2102系統下り
2102,14,北陸鉄道グループ,21 つつじが丘,自由が丘住宅,2102系統下り
2102,15,北陸鉄道グループ,21 つつじが丘,つつじが丘住宅,2102系統下り
2201,0,北陸鉄道グループ,22 大桑,金沢駅,金沢駅→大桑住宅行き
2201,1,北陸鉄道グループ,22 大桑,本町,金沢駅→大桑住宅行き
2201,2,北陸鉄道グループ,22 大桑,武蔵ヶ辻,金沢駅→大桑住宅行き
2201,3,北陸鉄道グループ,22 大桑,南町,金沢駅→大桑住宅行き
2201,4,北陸鉄道グループ,22 大桑,香林坊,金沢駅→大桑住宅行き
2201,5,北陸鉄道グループ,22 大桑,片町,金沢駅→大桑住宅行き
2201,6,北陸鉄道グループ,22 大桑,広小路,金沢駅→大桑住宅行き
2201,7,北陸鉄道グループ,22 大桑,寺町三丁目,金沢駅→大桑住宅行き
2201,8,北陸鉄道グループ,22 大桑,寺町二丁目,金沢駅→大桑住宅行き
2201,9,北陸鉄道グループ,22 大桑,寺町一丁目,金沢駅→大桑住宅行き
3042,0,北陸鉄道グループ,31 南部車庫 (額住宅線),金沢駅,金沢駅→有松→高尾南3→南部車庫
3042,1,北陸鉄道グループ,31 南部車庫 (額住宅線),リファーレ前,金沢駅→有松→高尾南3→南部車庫
3042,2,北陸鉄道グループ,31 南部車庫 (額住宅線),武蔵ヶ辻,金沢駅→有松→高尾南3→南部車庫
3042,3,北陸鉄道グループ,31 南部車庫 (額住宅線),南町,金沢駅→有松→高尾南3→南部車庫
3042,4,北陸鉄道グループ,31 南部車庫 (額住宅線),香林坊,金沢駅→有松→高尾南3→南部車庫
3042,5,北陸鉄道グループ,31 南部車庫 (額住宅線),片町,金沢駅→有松→高尾南3→南部車庫
3042,6,北陸鉄道グループ,31 南部車庫 (額住宅線),広小路,金沢駅→有松→高尾南3→南部車庫
3042,7,北陸鉄道グループ,31 南部車庫 (額住宅線),野町,金沢駅→有松→高尾南3→南部車庫
3042,8,北陸鉄道グループ,31 南部車庫 (額住宅線),泉一丁目,金沢駅→有松→高尾南3→南部車庫
3042,9,北陸鉄道グループ,31 南部車庫 (額住宅線),泉二丁目,金沢駅→有松→高尾南3→南部車庫
3042,10,北陸鉄道グループ,31 南部車庫 (額住宅線),有松,金沢駅→有松→高尾南3→南部車庫
3042,11,北陸鉄道グループ,31 南部車庫 (額住宅線),泉が丘,金沢駅→有松→高尾南3→南部車庫
3042,12,北陸鉄道グループ,31 南部車庫 (額住宅線),泉丘高校前,金沢駅→有松→高尾南3→南部車庫
3042,13,北陸鉄道グループ,31 南部車庫 (額住宅線),円光寺,金沢駅→有松→高尾南3→南部車庫
3042,14,北陸鉄道グループ,31 南部車庫 (額住宅線),窪,金沢駅→有松→高尾南3→南部車庫
3211,0,北陸鉄道グループ,33　金沢駅・工業大学線,金沢駅東口,香林坊・有町・寺町経由
3211,16,北陸鉄道グループ,33　金沢駅・工業大学線,工大前,香林坊・有松・寺地経由
3231,0,北陸鉄道グループ,32 円光寺（柳橋円光寺線）,柳橋,3231系統下り
3231,1,北陸鉄道グループ,32 円光寺（柳橋円光寺線）,神谷内,3231系統下り
3231,2,北陸鉄道グループ,32 円光寺（柳橋円光寺線）,小坂中,3231系統下り
3231,3,北陸鉄道グループ,32 円光寺（柳橋円光寺線）,小坂,3231系統下り
3231,4,北陸鉄道グループ,32 円光寺（柳橋円光寺線）,鳴和,3231系統下り
3231,5,北陸鉄道グループ,32 円光寺（柳橋円光寺線）,春日町,3231系統下り
3231,6,北陸鉄道グループ,32 円光寺（柳橋円光寺線）,山の上,3231系統下り
3231,7,北陸鉄道グループ,32 円光寺（柳橋円光寺線）,森山,3231系統下り
3231,8,北陸鉄道グループ,32 円光寺（柳橋円光寺線）,東山,3231系統下り
3231,9,北陸鉄道グループ,32 円光寺（柳橋円光寺線）,橋場町,3231系統下り
3231,10,北陸鉄道グループ,32 円光寺（柳橋円光寺線）,尾張町,3231系統下り
3231,11,北陸鉄道グループ,32 円光寺（柳橋円光寺線）,武蔵ヶ辻,3231系統下り
3231,12,北陸鉄道グループ,32 円光寺（柳橋円光寺線）,南町,3231系統下り
3231,13,北陸鉄道グループ,32 円光寺（柳橋円光寺線）,香林坊,3231系統下り
3231,14,北陸鉄道グループ,32 円光寺（柳橋円光寺線）,片町,3231系統下り
3231,15,北陸鉄道グループ,32 円光寺（柳橋円光寺線）,広小路,3231系統下り
3231,16,北陸鉄道グループ,32 円光寺（柳橋円光寺線）,野町,3231系統下り
3231,17,北陸鉄道グループ,32 円光寺（柳橋円光寺線）,泉一丁目,3231系統下り
3231,18,北陸鉄道グループ,32 円光寺（柳橋円光寺線）,泉二丁目,3231系統下り
3231,19,北陸鉄道グループ,32 円光寺（柳橋円光寺線）,有松,3231系統下り
3231,20,北陸鉄道グループ,32 円光寺（柳橋円光寺線）,泉が丘,3231系統下り
3231,21,北陸鉄道グループ,32 円光寺（柳橋円光寺線）,泉丘高校前,3231系統下り
3231,22,北陸鉄道グループ,32 円光寺（柳橋円光寺線）,円光寺,3231系統下り
3324,0,北陸鉄道グループ,市立病院,鶴寿園,鶴寿園→金沢大学行き
3324,1,北陸鉄道グループ,市立病院,社会保険センター前,鶴寿園→金沢大学行き
3324,2,北陸鉄道グループ,市立病院,額谷一丁目,鶴寿園→金沢大学行き
3324,3,北陸鉄道グループ,市立病院,大額三丁目,鶴寿園→金沢大学行き
3324,4,北陸鉄道グループ,市立病院,大額二丁目,鶴寿園→金沢大学行き
3324,5,北陸鉄道グループ,市立病院,光が丘口,鶴寿園→金沢大学行き
3324,6,北陸鉄道グループ,市立病院,扇台小学校前,鶴寿園→金沢大学行き
3324,7,北陸鉄道グループ,市立病院,高尾台一丁目,鶴寿園→金沢大学行き
3324,8,北陸鉄道グループ,市立病院,伏見台小学校,鶴寿園→金沢大学行き
3324,9,北陸鉄道グループ,市立病院,錦丘高校前,鶴寿園→金沢大学行き
3324,10,北陸鉄道グループ,市立病院,伏見台,鶴寿園→金沢大学行き
3324,11,北陸鉄道グループ,市立病院,円光寺北,鶴寿園→金沢大学行き
3324,12,北陸鉄道グループ,市立病院,伏見新町,鶴寿園→金沢大学行き
3324,13,北陸鉄道グループ,市立病院,長坂台,鶴寿園→金沢大学行き
3324,14,北陸鉄道グループ,市立病院,二水高校前,鶴寿園→金沢大学行き
3324,15,北陸鉄道グループ,市立病院,平和町,鶴寿園→金沢大学行き
3324,16,北陸鉄道グループ,市立病院,十一屋,鶴寿園→金沢大学行き
3324,17,北陸鉄道グループ,市立病院,寺町一丁目,鶴寿園→金沢大学行き
3324,18,北陸鉄道グループ,市立病院,菊川一丁目,鶴寿園→金沢大学行き
3324,19,北陸鉄道グループ,市立病院,猿丸神社前,鶴寿園→金沢大学行き
3324,20,北陸鉄道グループ,市立病院,笠舞三丁目,鶴寿園→金沢大学行き
3324,21,北陸鉄道グループ,市立病院,石引二丁目,鶴寿園→金沢大学行き
3324,22,北陸鉄道グループ,市立病院,如来寺前,鶴寿園→金沢大学行き
3324,23,北陸鉄道グループ,市立病院,田井町,鶴寿園→金沢大学行き
3324,24,北陸鉄道グループ,市立病院,旭町口,鶴寿園→金沢大学行き
3324,25,北陸鉄道グループ,市立病院,旭町,鶴寿園→金沢大学行き
3324,26,北陸鉄道グループ,市立病院,若松橋,鶴寿園→金沢大学行き
3324,27,北陸鉄道グループ,市立病院,若松西,鶴寿園→金沢大学行き
3324,28,北陸鉄道グループ,市立病院,若松,鶴寿園→金沢大学行き
3324,29,北陸鉄道グループ,金沢大学（市民病院線）,角間新町,3324系統下り
3324,30,北陸鉄道グループ,金沢大学（市民病院線）,金沢大学自然研前,3324系統下り
3324,31,北陸鉄道グループ,金沢大学（市民病院線）,金沢大学中央,3324系統下り
3324,32,北陸鉄道グループ,金沢大学（市民病院線）,金沢大学,3324系統下り
3332,0,北陸鉄道グループ,33 南部車庫 (四十万線),金沢駅,金沢駅→寺地→南部車庫
3332,1,北陸鉄道グループ,33 南部車庫 (四十万線),リファーレ前,金沢駅→寺地→南部車庫
3332,2,北陸鉄道グループ,33 南部車庫 (四十万線),武蔵ヶ辻,金沢駅→寺地→南部車庫
3332,3,北陸鉄道グループ,33 南部車庫 (四十万線),南町,金沢駅→寺地→南部車庫
3332,4,北陸鉄道グループ,33 南部車庫 (四十万線),香林坊,金沢駅→寺地→南部車庫
3332,5,北陸鉄道グループ,33 南部車庫 (四十万線),片町,金沢駅→寺地→南部車庫
3332,6,北陸鉄道グループ,33 南部車庫 (四十万線),広小路,金沢駅→寺地→南部車庫
3332,7,北陸鉄道グループ,33 南部車庫 (四十万線),野町,金沢駅→寺地→南部車庫
3332,8,北陸鉄道グループ,33 南部車庫 (四十万線),泉一丁目,金沢駅→寺地→南部車庫
3332,9,北陸鉄道グループ,33 南部車庫 (四十万線),泉二丁目,金沢駅→寺地→南部車庫
3332,10,北陸鉄道グループ,33 南部車庫 (四十万線),有松,金沢駅→寺地→南部車庫
3332,11,北陸鉄道グループ,33 南部車庫 (四十万線),上有松,金沢駅→寺地→南部車庫
3332,12,北陸鉄道グループ,33 南部車庫 (四十万線),寺地,金沢駅→寺地→南部車庫
3332,13,北陸鉄道グループ,33 南部車庫 (四十万線),伏見台,金沢駅→寺地→南部車庫
3332,14,北陸鉄道グループ,33 南部車庫 (四十万線),錦丘高校前,金沢駅→寺地→南部車庫
3332,15,北陸鉄道グループ,33 南部車庫 (四十万線),三馬日赤病院前,金沢駅→寺地→南部車庫
3334,0,北陸鉄道グループ,33 南部車庫 (四十万線),金沢駅,金沢駅→寺地→南部車庫
3334,1,北陸鉄道グループ,33 南部車庫 (四十万線),リファーレ前,金沢駅→寺地→南部車庫
3334,2,北陸鉄道グループ,33 南部車庫 (四十万線),武蔵ヶ辻,金沢駅→寺地→南部車庫
3334,3,北陸鉄道グループ,33 南部車庫 (四十万線),南町,金沢駅→寺地→南部車庫
3334,4,北陸鉄道グループ,33 南部車庫 (四十万線),香林坊,金沢駅→寺地→南部車庫
3334,5,北陸鉄道グループ,33 南部車庫 (四十万線),片町,金沢駅→寺地→南部車庫
3334,6,北陸鉄道グループ,33 南部車庫 (四十万線),広小路,金沢駅→寺地→南部車庫
3334,7,北陸鉄道グループ,33 南部車庫 (四十万線),野町,金沢駅→寺地→南部車庫
3334,8,北陸鉄道グループ,33 南部車庫 (四十万線),泉一丁目,金沢駅→寺地→南部車庫
3334,9,北陸鉄道グループ,33 南部車庫 (四十万線),泉二丁目,金沢駅→寺地→南部車庫
3334,10,北陸鉄道グループ,33 南部車庫 (四十万線),有松,金沢駅→寺地→南部車庫
3334,11,北陸鉄道グループ,33 南部車庫 (四十万線),上有松,金沢駅→寺地→南部車庫
3334,12,北陸鉄道グループ,33 南部車庫 (四十万線),寺地,金沢駅→寺地→南部車庫
3334,13,北陸鉄道グループ,33 南部車庫 (四十万線),伏見台,金沢駅→寺地→南部車庫
3334,14,北陸鉄道グループ,33 南部車庫 (四十万線),錦丘高校前,金沢駅→寺地→南部車庫
3334,15,北陸鉄道グループ,33 南部車庫 (四十万線),三馬日赤病院前,金沢駅→寺地→南部車庫
3351,0,北陸鉄道グループ,33 南部車庫 (四十万金石線),金石,金石→中橋→寺地→南部車庫
3351,1,北陸鉄道グループ,33 南部車庫 (四十万金石線),西警察署前,金石→中橋→寺地→南部車庫
3351,2,北陸鉄道グループ,33 南部車庫 (四十万金石線),寺中,金石→中橋→寺地→南部車庫
3351,3,北陸鉄道グループ,33 南部車庫 (四十万金石線),観音堂,金石→中橋→寺地→南部車庫
3351,4,北陸鉄道グループ,33 南部車庫 (四十万金石線),畝田,金石→中橋→寺地→南部車庫
3351,5,北陸鉄道グループ,33 南部車庫 (四十万金石線),市立工業高校前,金石→中橋→寺地→南部車庫
3351,6,北陸鉄道グループ,33 南部車庫 (四十万金石線),藤江,金石→中橋→寺地→南部車庫
3351,7,北陸鉄道グループ,33 南部車庫 (四十万金石線),北町西,金石→中橋→寺地→南部車庫
3351,8,北陸鉄道グループ,33 南部車庫 (四十万金石線),北町,金石→中橋→寺地→南部車庫
3351,9,北陸鉄道グループ,33 南部車庫 (四十万金石線),中央市場口,金石→中橋→寺地→南部車庫
3351,10,北陸鉄道グループ,33 南部車庫 (四十万金石線),長田町,金石→中橋→寺地→南部車庫
3351,11,北陸鉄道グループ,33 南部車庫 (四十万金石線),長田一丁目,金石→中橋→寺地→南部車庫
3351,12,北陸鉄道グループ,33 南部車庫 (四十万金石線),中橋,金石→中橋→寺地→南部車庫
3351,13,北陸鉄道グループ,33 南部車庫 (四十万金石線),六枚町,金石→中橋→寺地→南部車庫
3351,14,北陸鉄道グループ,33 南部車庫 (四十万金石線),武蔵ヶ辻,金石→中橋→寺地→南部車庫
3351,15,北陸鉄道グループ,33 南部車庫 (四十万金石線),南町,金石→中橋→寺地→南部車庫
3351,16,北陸鉄道グループ,33 南部車庫 (四十万金石線),香林坊,金石→中橋→寺地→南部車庫
3351,17,北陸鉄道グループ,33 南部車庫 (四十万金石線),片町,金石→中橋→寺地→南部車庫
3351,18,北陸鉄道グループ,33 南部車庫 (四十万金石線),広小路,金石→中橋→寺地→南部車庫
3351,19,北陸鉄道グループ,33 南部車庫 (四十万金石線),野町,金石→中橋→寺地→南部車庫
3351,20,北陸鉄道グループ,33 南部車庫 (四十万金石線),泉一丁目,金石→中橋→寺地→南部車庫
3351,21,北陸鉄道グループ,33 南部車庫 (四十万金石線),泉二丁目,金石→中橋→寺地→南部車庫
3351,22,北陸鉄道グループ,33 南部車庫 (四十万金石線),泉二丁目,金石→中橋→寺地→南部車庫
3351,22,北陸鉄道グループ,33 南部車庫 (四十万金石線),有松,金石→中橋→寺地→南部車庫
3351,23,北陸鉄道グループ,33 南部車庫 (四十万金石線),有松,金石→中橋→寺地→南部車庫
3351,23,北陸鉄道グループ,33 南部車庫 (四十万金石線),上有松,金石→中橋→寺地→南部車庫
3351,24,北陸鉄道グループ,33 南部車庫 (四十万金石線),上有松,金石→中橋→寺地→南部車庫
3351,24,北陸鉄道グループ,33 南部車庫 (四十万金石線),寺地,金石→中橋→寺地→南部車庫
3351,25,北陸鉄道グループ,33 南部車庫 (四十万金石線),寺地,金石→中橋→寺地→南部車庫
3351,25,北陸鉄道グループ,33 南部車庫 (四十万金石線),伏見台,金石→中橋→寺地→南部車庫
3351,26,北陸鉄道グループ,33 南部車庫 (四十万金石線),錦丘高校前,金石→中橋→寺地→南部車庫
3351,27,北陸鉄道グループ,33 南部車庫 (四十万金石線),三馬日赤病院前,金石→中橋→寺地→南部車庫
3361,6,北陸鉄道グループ,33　四十万・金石線（金石→山島台4丁目）,藤江,県庁前・香林坊経由
3361,16,北陸鉄道グループ,33　四十万・金石線（金石→山島台4丁目）,香林坊（アトリオ前）,北町・香林坊経由
3432,0,北陸鉄道グループ,34 高尾 (三馬大野線),大野,大野→中橋→高尾
3432,1,北陸鉄道グループ,34 高尾 (三馬大野線),大野中央,大野→中橋→高尾
3432,2,北陸鉄道グループ,34 高尾 (三馬大野線),相生住宅,大野→中橋→高尾
3432,3,北陸鉄道グループ,34 高尾 (三馬大野線),相生町,大野→中橋→高尾
3432,4,北陸鉄道グループ,34 高尾 (三馬大野線),金石西,大野→中橋→高尾
3432,5,北陸鉄道グループ,34 高尾 (三馬大野線),金石,大野→中橋→高尾
3432,6,北陸鉄道グループ,34 高尾 (三馬大野線),西警察署前,大野→中橋→高尾
3432,7,北陸鉄道グループ,34 高尾 (三馬大野線),寺中,大野→中橋→高尾
3432,8,北陸鉄道グループ,34 高尾 (三馬大野線),観音堂,大野→中橋→高尾
3432,9,北陸鉄道グループ,34 高尾 (三馬大野線),畝田,大野→中橋→高尾
3432,10,北陸鉄道グループ,34 高尾 (三馬大野線),市立工業高校前,大野→中橋→高尾
3432,11,北陸鉄道グループ,34 高尾 (三馬大野線),藤江,大野→中橋→高尾
3432,12,北陸鉄道グループ,34 高尾 (三馬大野線),北町西,大野→中橋→高尾
3432,13,北陸鉄道グループ,34 高尾 (三馬大野線),北町,大野→中橋→高尾
3432,14,北陸鉄道グループ,34 高尾 (三馬大野線),中央市場口,大野→中橋→高尾
3432,15,北陸鉄道グループ,34 高尾 (三馬大野線),長田町,大野→中橋→高尾
3432,16,北陸鉄道グループ,34 高尾 (三馬大野線),長田一丁目,大野→中橋→高尾
3432,17,北陸鉄道グループ,34 高尾 (三馬大野線),中橋,大野→中橋→高尾
3432,18,北陸鉄道グループ,34 高尾 (三馬大野線),六枚町,大野→中橋→高尾
3432,19,北陸鉄道グループ,34 高尾 (三馬大野線),武蔵ヶ辻,大野→中橋→高尾
3432,20,北陸鉄道グループ,34 高尾 (三馬大野線),南町,大野→中橋→高尾
3432,21,北陸鉄道グループ,34 高尾 (三馬大野線),香林坊,大野→中橋→高尾
3432,22,北陸鉄道グループ,34 高尾 (三馬大野線),片町,大野→中橋→高尾
3432,23,北陸鉄道グループ,34 高尾 (三馬大野線),広小路,大野→中橋→高尾
3432,24,北陸鉄道グループ,34 高尾 (三馬大野線),野町,大野→中橋→高尾
3432,25,北陸鉄道グループ,34 高尾 (三馬大野線),泉一丁目,大野→中橋→高尾
3432,26,北陸鉄道グループ,34 高尾 (三馬大野線),泉二丁目,大野→中橋→高尾
3432,27,北陸鉄道グループ,34 高尾 (三馬大野線),有松,大野→中橋→高尾
3432,28,北陸鉄道グループ,34 高尾 (三馬大野線),二万堂,大野→中橋→高尾
3432,29,北陸鉄道グループ,34 高尾 (三馬大野線),久安五丁目,大野→中橋→高尾
3432,30,北陸鉄道グループ,34 高尾 (三馬大野線),久安三丁目,大野→中橋→高尾
3432,31,北陸鉄道グループ,34 高尾 (三馬大野線),久安二丁目,大野→中橋→高尾
3432,32,北陸鉄道グループ,34 高尾 (三馬大野線),西三馬,大野→中橋→高尾
3432,33,北陸鉄道グループ,34 高尾 (三馬大野線),三馬,大野→中橋→高尾
4001,0,北陸鉄道グループ,40 松任,金沢駅,金沢駅→南松任行き
4001,1,北陸鉄道グループ,40 松任,リファーレ前,金沢駅→南松任行き
4001,2,北陸鉄道グループ,40 松任,武蔵ヶ辻,金沢駅→南松任行き
4001,3,北陸鉄道グループ,40 松任,南町,金沢駅→南松任行き
4001,4,北陸鉄道グループ,40 松任,香林坊,金沢駅→南松任行き
4001,5,北陸鉄道グループ,40 松任,片町,金沢駅→南松任行き
4111,11,北陸鉄道グループ,41千代野ニュータウン,片町,
4111,36,北陸鉄道グループ,41千代野ニュータウン,蕪城小学校前,
4112,2,北陸鉄道グループ,41番 中央病院発千代野ニュータウン行き（金沢駅、野々市中央,県庁前,
4112,7,北陸鉄道グループ,41番 中央病院発千代野ニュータウン行き（金沢駅、野々市中央,金沢駅西口,
4601,0,北陸鉄道グループ,46 野々市駅,武蔵ヶ辻,4601系統下り
4601,1,北陸鉄道グループ,46 野々市駅,南町,4601系統下り
4601,2,北陸鉄道グループ,46 野々市駅,香林坊,4601系統下り
4601,3,北陸鉄道グループ,46 野々市駅,片町,4601系統下り
4601,4,北陸鉄道グループ,46 野々市駅,広小路,4601系統下り
4601,5,北陸鉄道グループ,46 野々市駅,野町,4601系統下り
4601,6,北陸鉄道グループ,46 野々市駅,泉一丁目,4601系統下り
4601,7,北陸鉄道グループ,46 野々市駅,泉二丁目,4601系統下り
4601,8,北陸鉄道グループ,46 野々市駅,有松,4601系統下り
4601,9,北陸鉄道グループ,46 野々市駅,二万堂,4601系統下り
4601,10,北陸鉄道グループ,46 野々市駅,伏見橋,4601系統下り
4601,11,北陸鉄道グループ,46 野々市駅,押野中央,4601系統下り
4601,12,北陸鉄道グループ,46 野々市駅,押野北,4601系統下り
4601,13,北陸鉄道グループ,46 野々市駅,八日市一丁目,4601系統下り
4601,14,北陸鉄道グループ,46 野々市駅,押越,4601系統下り
4601,15,北陸鉄道グループ,46 野々市駅,野代二丁目,4601系統下り
4601,16,北陸鉄道グループ,46 野々市駅,野々市駅,4601系統下り
4811,0,北陸鉄道グループ,98 金沢大学,野々市車庫,4811系統下り
4811,1,北陸鉄道グループ,98 金沢大学,野々市中央,4811系統下り
4811,2,北陸鉄道グループ,98 金沢大学,横宮,4811系統下り
4811,3,北陸鉄道グループ,98 金沢大学,伏見橋,4811系統下り
4811,4,北陸鉄道グループ,98 金沢大学,二万堂,4811系統下り
4811,5,北陸鉄道グループ,98 金沢大学,有松,4811系統下り
4811,6,北陸鉄道グループ,98 金沢大学,有松,4811系統下り
4811,7,北陸鉄道グループ,98 金沢大学,泉が丘,4811系統下り
4811,8,北陸鉄道グループ,98 金沢大学,泉野四丁目,4811系統下り
4811,9,北陸鉄道グループ,98 金沢大学,泉野四丁目,4811系統下り
4811,10,北陸鉄道グループ,98 金沢大学,泉野一丁目,4811系統下り
4811,11,北陸鉄道グループ,98 金沢大学,寺町一丁目,4811系統下り
4811,12,北陸鉄道グループ,98 金沢大学,菊川一丁目,4811系統下り
4811,13,北陸鉄道グループ,98 金沢大学,猿丸神社前,4811系統下り
4811,14,北陸鉄道グループ,98 金沢大学,笠舞三丁目,4811系統下り
4811,15,北陸鉄道グループ,98 金沢大学,石引二丁目,4811系統下り
4811,16,北陸鉄道グループ,98 金沢大学,如来寺前,4811系統下り
4811,17,北陸鉄道グループ,98 金沢大学,田井町,4811系統下り
4811,18,北陸鉄道グループ,98 金沢大学,旭町口,4811系統下り
4811,19,北陸鉄道グループ,98 金沢大学,旭町,4811系統下り
4811,20,北陸鉄道グループ,98 金沢大学,若松橋,4811系統下り
4811,21,北陸鉄道グループ,98 金沢大学,若松西,4811系統下り
4811,22,北陸鉄道グループ,98 金沢大学,若松,4811系統下り
4811,23,北陸鉄道グループ,98 金沢大学,角間新町,4811系統下り
4811,24,北陸鉄道グループ,98 金沢大学,金沢大学自然研前,4811系統下り
4811,25,北陸鉄道グループ,98 金沢大学,金沢大学中央,4811系統下り
4811,26,北陸鉄道グループ,98 金沢大学,金沢大学,4811系統下り
5006,4,北陸鉄道,上荒屋,片町,
5006,8,北陸鉄道,上荒屋,新神田,
5101,0,北陸鉄道グループ,51 みどり（みどり・打木線）,金沢駅,5101系統下り
5101,1,北陸鉄道グループ,51 みどり（みどり・打木線）,リファーレ前,5101系統下り
5101,2,北陸鉄道グループ,51 みどり（みどり・打木線）,武蔵ヶ辻,5101系統下り
5101,3,北陸鉄道グループ,51 みどり（みどり・打木線）,南町,5101系統下り
5101,4,北陸鉄道グループ,51 みどり（みどり・打木線）,香林坊,5101系統下り
5101,5,北陸鉄道グループ,51 みどり（みどり・打木線）,片町,5101系統下り
5101,6,北陸鉄道グループ,51 みどり（みどり・打木線）,白菊町,5101系統下り
5101,7,北陸鉄道グループ,51 みどり（みどり・打木線）,増泉一丁目,5101系統下り
5101,8,北陸鉄道グループ,51 みどり（みどり・打木線）,増泉,5101系統下り
5101,9,北陸鉄道グループ,51 みどり（みどり・打木線）,新神田,5101系統下り
5101,10,北陸鉄道グループ,51 みどり（みどり・打木線）,米丸学校前,5101系統下り
5101,11,北陸鉄道グループ,51 みどり（みどり・打木線）,間明二丁目,5101系統下り
5101,12,北陸鉄道グループ,51 みどり（みどり・打木線）,古府南,5101系統下り
5101,13,北陸鉄道グループ,51 みどり（みどり・打木線）,松島,5101系統下り
5101,14,北陸鉄道グループ,51 みどり（みどり・打木線）,松島北,5101系統下り
5101,15,北陸鉄道グループ,51 みどり（みどり・打木線）,ＪＡ二塚支店前,5101系統下り
5101,16,北陸鉄道グループ,51 みどり（みどり・打木線）,二塚,5101系統下り
5101,17,北陸鉄道グループ,51 みどり（みどり・打木線）,みどり一丁目,5101系統下り
5101,18,北陸鉄道グループ,51 みどり（みどり・打木線）,みどり中央,5101系統下り
5101,19,北陸鉄道グループ,51 みどり（みどり・打木線）,みどり二丁目,5101系統下り
5301,0,北陸鉄道グループ,53西金沢,兼六園下,
5301,11,北陸鉄道グループ,53西金沢,西金沢,
5307,0,北陸鉄道グループ,96 金沢大学,西金沢,5307系統下り
5307,1,北陸鉄道グループ,96 金沢大学,米泉,5307系統下り
5307,2,北陸鉄道グループ,96 金沢大学,西泉,5307系統下り
5307,3,北陸鉄道グループ,96 金沢大学,金沢高校前,5307系統下り
5307,4,北陸鉄道グループ,96 金沢大学,泉新町,5307系統下り
5307,5,北陸鉄道グループ,96 金沢大学,泉1丁目,5307系統下り
5307,6,北陸鉄道グループ,96 金沢大学,野町,5307系統下り
5307,7,北陸鉄道グループ,96 金沢大学,広小路,5307系統下り
5307,8,北陸鉄道グループ,96 金沢大学,片町,5307系統下り
5307,9,北陸鉄道グループ,96 金沢大学,香林坊,5307系統下り
5307,10,北陸鉄道グループ,96 金沢大学,広坂,5307系統下り
5307,11,北陸鉄道グループ,96 金沢大学,兼六園下,5307系統下り
5307,12,北陸鉄道グループ,96 金沢大学,小将町,5307系統下り
5307,13,北陸鉄道グループ,96 金沢大学,横山町,5307系統下り
5307,14,北陸鉄道グループ,96 金沢大学,暁町,5307系統下り
5307,15,北陸鉄道グループ,96 金沢大学,桜町,5307系統下り
5307,16,北陸鉄道グループ,96 金沢大学,田井町,5307系統下り
5307,17,北陸鉄道グループ,96 金沢大学,旭町口,5307系統下り
5307,18,北陸鉄道グループ,96 金沢大学,旭町,5307系統下り
5307,19,北陸鉄道グループ,96 金沢大学,若松橋,5307系統下り
5307,20,北陸鉄道グループ,96 金沢大学,若松西,5307系統下り
5307,21,北陸鉄道グループ,96 金沢大学,若松,5307系統下り
5307,22,北陸鉄道グループ,96 金沢大学,角間新町,5307系統下り
5307,23,北陸鉄道グループ,96 金沢大学,金沢大学自然研前,5307系統下り
5307,24,北陸鉄道グループ,96 金沢大学,金沢大学中央,5307系統下り
5307,25,北陸鉄道グループ,96 金沢大学,金沢大学,5307系統下り
5402,3,北陸鉄道グループ,54 安原・倉部,南町,金沢駅→安原・倉部方面
5402,11,北陸鉄道グループ,54 安原・倉部,米丸住宅,金沢駅→安原・倉部方面
6401,0,北陸鉄道グループ,04 工業試験場,香林坊,6401系統下り
6401,1,北陸鉄道グループ,04 工業試験場,南町,6401系統下り
6401,2,北陸鉄道グループ,04 工業試験場,武蔵ヶ辻（エムザ前）,6401系統下り
6401,3,北陸鉄道グループ,04 工業試験場,武蔵ヶ辻（スカイ前）,6401系統下り
6401,4,北陸鉄道グループ,04 工業試験場,六枚町,6401系統下り
6401,5,北陸鉄道グループ,04 工業試験場,広岡口,6401系統下り
6401,6,北陸鉄道グループ,04 工業試験場,金沢駅西口,6401系統下り
6401,7,北陸鉄道グループ,04 工業試験場,広岡,6401系統下り
6401,8,北陸鉄道グループ,04 工業試験場,西念南,6401系統下り
6401,9,北陸鉄道グループ,04 工業試験場,西念西,6401系統下り
6401,10,北陸鉄道グループ,04 工業試験場,駅西合庁前,6401系統下り
6401,11,北陸鉄道グループ,04 工業試験場,県庁前,6401系統下り
6401,12,北陸鉄道グループ,04 工業試験場,藤江北,6401系統下り
6401,13,北陸鉄道グループ,04 工業試験場,市立工業高校東口,6401系統下り
6401,14,北陸鉄道グループ,04 工業試験場,金沢西高校,6401系統下り
6401,15,北陸鉄道グループ,04 工業試験場,工業試験場,6401系統下り
6504,2,北陸鉄道グループ,02野町駅（シティライナー）,県庁前,
6504,7,北陸鉄道グループ,02野町駅（シティライナー）,金沢駅西口,
6504,11,北陸鉄道グループ,02中央病院,武蔵ケ辻（丸年前）,
6504,13,北陸鉄道グループ,02中央病院,香林坊,
6504,16,北陸鉄道グループ,02中央病院,野町駅,
6506,0,北陸鉄道グループ,01番 県庁前発野町駅行き（金沢駅、香林坊経由）,県庁前,6506系下り
6506,5,北陸鉄道グループ,01番 県庁前発野町駅行き（金沢駅、香林坊経由）,金沢駅西口,6506系下り
6508,0,北陸鉄道グループ,金沢駅西口（県庁前→金沢駅西口）,県庁前,6508系統下り
6508,1,北陸鉄道グループ,金沢駅西口（県庁前→金沢駅西口）,駅西合庁前,6508系統下り
6508,2,北陸鉄道グループ,金沢駅西口（県庁前→金沢駅西口）,西念西,6508系統下り
6508,3,北陸鉄道グループ,金沢駅西口（県庁前→金沢駅西口）,西念南,6508系統下り
6508,4,北陸鉄道グループ,金沢駅西口（県庁前→金沢駅西口）,広岡,6508系統下り
6508,5,北陸鉄道グループ,金沢駅西口（県庁前→金沢駅西口）,金沢駅西口,6508系統下り
8201,0,北陸鉄道グループ,82 鳴和・増泉,柳橋,柳橋→西金沢行き
8201,1,北陸鉄道グループ,82 鳴和・増泉,神谷内,柳橋→西金沢行き
8201,10,北陸鉄道グループ,82 鳴和・増泉,金沢駅,柳橋→西金沢行き
9003,0,北陸鉄道グループ,90 千寿閣,金沢駅,9003系統下り
9003,1,北陸鉄道グループ,90 千寿閣,リファーレ前,9003系統下り
9003,2,北陸鉄道グループ,90 千寿閣,武蔵ヶ辻,9003系統下り
9003,3,北陸鉄道グループ,90 千寿閣,南町,9003系統下り
9003,4,北陸鉄道グループ,90 千寿閣,香林坊（アトリオ前）,9003系統下り
9003,5,北陸鉄道グループ,90 千寿閣,香林坊（中央公園前）,9003系統下り
9003,6,北陸鉄道グループ,90 千寿閣,広坂,9003系統下り
9003,7,北陸鉄道グループ,90 千寿閣,兼六園下,9003系統下り
9003,8,北陸鉄道グループ,90 千寿閣,小将町,9003系統下り
9003,9,北陸鉄道グループ,90 千寿閣,横山町,9003系統下り
9003,10,北陸鉄道グループ,90 千寿閣,暁町,9003系統下り
9003,11,北陸鉄道グループ,90 千寿閣,桜町,9003系統下り
9003,12,北陸鉄道グループ,90 千寿閣,鈴見台一丁目,9003系統下り
9003,13,北陸鉄道グループ,90 千寿閣,鈴見台二丁目,9003系統下り
9003,14,北陸鉄道グループ,90 千寿閣,鈴見台三丁目,9003系統下り
9003,15,北陸鉄道グループ,90 千寿閣,鈴見台四丁目,9003系統下り
9003,16,北陸鉄道グループ,90 千寿閣,千寿閣,9003系統下り
9101,0,北陸鉄道グループ,91 旭町,金沢駅,9101系下り
9101,1,北陸鉄道グループ,91 旭町,六枚町,9101系下り
9101,2,北陸鉄道グループ,91 旭町,三社,9101系下り
9101,3,北陸鉄道グループ,91 旭町,長土塀,9101系下り
9101,4,北陸鉄道グループ,91 旭町,富本町,9101系下り
9101,5,北陸鉄道グループ,91 旭町,長町,9101系下り
9101,6,北陸鉄道グループ,91 旭町,片町中央通り,9101系下り
9101,7,北陸鉄道グループ,91 旭町,新竪町,9101系下り
9101,8,北陸鉄道グループ,91 旭町,本多町,9101系下り
9101,9,北陸鉄道グループ,91 旭町,広坂,9101系下り
9101,10,北陸鉄道グループ,91 旭町,兼六園下,9101系下り
9101,11,北陸鉄道グループ,91 旭町,小将町,9101系下り
9101,12,北陸鉄道グループ,91 旭町,横山町,9101系下り
9101,13,北陸鉄道グループ,91 旭町,暁町,9101系下り
9101,14,北陸鉄道グループ,91 旭町,桜町,9101系下り
9101,15,北陸鉄道グループ,91 旭町,田井町,9101系下り
9101,16,北陸鉄道グループ,91 旭町,旭町口,9101系下り
9101,17,北陸鉄道グループ,91 旭町,旭町,9101系下り
9201,0,北陸鉄道グループ,92 田上住宅,金沢駅,9201系統下り
9201,1,北陸鉄道グループ,92 田上住宅,リファーレ前,9201系統下り
9201,2,北陸鉄道グループ,92 田上住宅,武蔵ヶ辻,9201系統下り
9201,3,北陸鉄道グループ,92 田上住宅,南町,9201系統下り
9201,4,北陸鉄道グループ,92 田上住宅,香林坊,9201系統下り
9201,5,北陸鉄道グループ,92 田上住宅,広坂,9201系統下り
9201,6,北陸鉄道グループ,92 田上住宅,兼六園下,9201系統下り
9201,7,北陸鉄道グループ,92 田上住宅,小将町,9201系統下り
9201,8,北陸鉄道グループ,92 田上住宅,横山町,9201系統下り
9201,9,北陸鉄道グループ,92 田上住宅,暁町,9201系統下り
9201,10,北陸鉄道グループ,92 田上住宅,桜町,9201系統下り
9201,11,北陸鉄道グループ,92 田上住宅,鈴見台1丁目,9201系統下り
9201,12,北陸鉄道グループ,92 田上住宅,鈴見台2丁目,9201系統下り
9201,13,北陸鉄道グループ,92 田上住宅,若谷,9201系統下り
9201,14,北陸鉄道グループ,92 田上住宅,若松,9201系統下り
9201,15,北陸鉄道グループ,92 田上住宅,上若松,9201系統下り
9201,16,北陸鉄道グループ,92 田上住宅,若松病院前,9201系統下り
9201,17,北陸鉄道グループ,92 田上住宅,田上新町,9201系統下り
9201,18,北陸鉄道グループ,92 田上住宅,田上1丁目,9201系統下り
9201,19,北陸鉄道グループ,92 田上住宅,田上住宅,9201系統下り
9230,0,北陸鉄道グループ,92 田上住宅,中央病院前,9230系統下り
9230,1,北陸鉄道グループ,92 田上住宅,映寿会みらい病院,9230系統下り
9230,2,北陸鉄道グループ,92 田上住宅,県庁前,9230系統下り
9230,3,北陸鉄道グループ,92 田上住宅,駅西合庁前,9230系統下り
9230,4,北陸鉄道グループ,92 田上住宅,西念西,9230系統下り
9230,5,北陸鉄道グループ,92 田上住宅,西念南,9230系統下り
9230,6,北陸鉄道グループ,92 田上住宅,広岡,9230系統下り
9230,7,北陸鉄道グループ,92 田上住宅,金沢駅西口,9230系統下り
9230,8,北陸鉄道グループ,92 田上住宅,金沢駅東通り,9230系統下り
9230,9,北陸鉄道グループ,92 田上住宅,金沢駅,9230系統下り
9230,10,北陸鉄道グループ,92 田上住宅,リファーレ前,9230系統下り
9230,11,北陸鉄道グループ,92 田上住宅,武蔵ヶ辻,9230系統下り
9230,12,北陸鉄道グループ,92 田上住宅,南町,9230系統下り
9230,13,北陸鉄道グループ,92 田上住宅,香林坊,9230系統下り
9230,14,北陸鉄道グループ,92 田上住宅,広坂,9230系統下り
9230,15,北陸鉄道グループ,92 田上住宅,兼六園下,9230系統下り
9230,16,北陸鉄道グループ,92 田上住宅,小将町,9230系統下り
9230,17,北陸鉄道グループ,92 田上住宅,横山町,9230系統下り
9230,18,北陸鉄道グループ,92 田上住宅,暁町,9230系統下り
9230,19,北陸鉄道グループ,92 田上住宅,桜町,9230系統下り
9230,20,北陸鉄道グループ,92 田上住宅,鈴見台一丁目,9230系統下り
9230,21,北陸鉄道グループ,92 田上住宅,鈴見台二丁目,9230系統下り
9230,22,北陸鉄道グループ,92 田上住宅,若谷,9230系統下り
9230,23,北陸鉄道グループ,92 田上住宅,若松,9230系統下り
9230,24,北陸鉄道グループ,92 田上住宅,上若松,9230系統下り
9230,25,北陸鉄道グループ,92 田上住宅,田上二丁目,9230系統下り
9230,26,北陸鉄道グループ,92 田上住宅,田上新町,9230系統下り
9230,27,北陸鉄道グループ,92 田上住宅,田上一丁目,9230系統下り
9230,28,北陸鉄道グループ,92 田上住宅,田上住宅,9230系統下り
9231,0,北陸鉄道グループ,92 田上住宅,県庁前,9231系統下り
9231,1,北陸鉄道グループ,92 田上住宅,駅西合庁前,9231系統下り
9231,2,北陸鉄道グループ,92 田上住宅,西念西,シティーライナー便
9231,3,北陸鉄道グループ,92 田上住宅,西念南,シティーライナー便
9231,4,北陸鉄道グループ,92 田上住宅,広岡,シティーライナー便
9231,10,北陸鉄道グループ,92 田上住宅,南町,シティーライナー便
9231,11,北陸鉄道グループ,92 田上住宅,香林坊,シティーライナー便
9231,12,北陸鉄道グループ,92 田上住宅,広坂,シティーライナー便
9231,13,北陸鉄道グループ,92 田上住宅,兼六園下,シティーライナー便
9231,14,北陸鉄道グループ,92 田上住宅,小将町,シティーライナー便
9231,15,北陸鉄道グループ,92 田上住宅,横山町,シティーライナー便
9231,16,北陸鉄道グループ,92 田上住宅,暁町,シティーライナー便
9231,17,北陸鉄道グループ,92 田上住宅,桜町,シティーライナー便
9231,18,北陸鉄道グループ,92 田上住宅,鈴見台1丁目,シティーライナー便
9231,19,北陸鉄道グループ,92 田上住宅,鈴見台2丁目,シティーライナー便
9231,20,北陸鉄道グループ,92 田上住宅,若谷,9231系統下り
9231,21,北陸鉄道グループ,92 田上住宅,若松,9231系統下り
9231,22,北陸鉄道グループ,92 田上住宅,上若松,9231系統下り
9231,23,北陸鉄道グループ,92 田上住宅,田上二丁目,9231系統下り
9231,24,北陸鉄道グループ,92 田上住宅,田上新町,9231系統下り
9231,25,北陸鉄道グループ,92 田上住宅,田上一丁目,9231系統下り
9231,26,北陸鉄道グループ,92 田上住宅,田上住宅,9231系統下り
9305,0,北陸鉄道グループ,93 金沢大学,金沢駅,9305系統下り
9305,1,北陸鉄道グループ,93 金沢大学,リファーレ前,9305系統下り
9305,2,北陸鉄道グループ,93 金沢大学,武蔵ヶ辻,9305系統下り
9305,3,北陸鉄道グループ,93 金沢大学,南町,9305系統下り
9305,4,北陸鉄道グループ,93 金沢大学,香林坊,9305系統下り
9305,5,北陸鉄道グループ,93 金沢大学,広坂,9305系統下り
9305,6,北陸鉄道グループ,93 金沢大学,兼六園下,9305系統下り
9305,7,北陸鉄道グループ,93 金沢大学,小将町,9305系統下り
9305,8,北陸鉄道グループ,93 金沢大学,横山町,9305系統下り
9305,9,北陸鉄道グループ,93 金沢大学,暁町,9305系統下り
9305,10,北陸鉄道グループ,93 金沢大学,桜町,9305系統下り
9305,11,北陸鉄道グループ,93 金沢大学,鈴見台1丁目,9305系統下り
9305,12,北陸鉄道グループ,93 金沢大学,鈴見台2丁目,9305系統下り
9305,13,北陸鉄道グループ,93 金沢大学,若谷,9305系統下り
9305,14,北陸鉄道グループ,93 金沢大学,若松,9305系統下り
9305,15,北陸鉄道グループ,93 金沢大学,角間新町,9305系統下り
9305,16,北陸鉄道グループ,93 金沢大学,金沢大学自然研前,9305系統下り
9305,17,北陸鉄道グループ,93 金沢大学,金沢大学中央,9305系統下り
9305,18,北陸鉄道グループ,93 金沢大学,金沢大学,9305系統下り
9405,0,北陸鉄道グループ,94 金沢大学,金沢駅,9405系統下り
9405,1,北陸鉄道グループ,94 金沢大学,リファーレ前,9405系統下り
9405,2,北陸鉄道グループ,94 金沢大学,武蔵ヶ辻,9405系統下り
9405,3,北陸鉄道グループ,94 金沢大学,南町,9405系統下り
9405,4,北陸鉄道グループ,94 金沢大学,香林坊,9405系統下り
9405,5,北陸鉄道グループ,94 金沢大学,広坂,9405系統下り
9405,6,北陸鉄道グループ,94 金沢大学,兼六園下,9405系統下り
9405,7,北陸鉄道グループ,94 金沢大学,小将町,9405系統下り
9405,8,北陸鉄道グループ,94 金沢大学,横山町,9405系統下り
9405,9,北陸鉄道グループ,94 金沢大学,暁町,9405系統下り
9405,10,北陸鉄道グループ,94 金沢大学,桜町,9405系統下り
9405,11,北陸鉄道グループ,94 金沢大学,田井町,9405系統下り
9405,12,北陸鉄道グループ,94 金沢大学,旭町口,9405系統下り
9405,13,北陸鉄道グループ,94 金沢大学,旭町,9405系統下り
9405,14,北陸鉄道グループ,94 金沢大学,若松橋,9405系統下り
9405,15,北陸鉄道グループ,94 金沢大学,若松西,9405系統下り
9405,16,北陸鉄道グループ,94 金沢大学,若松,9405系統下り
9405,17,北陸鉄道グループ,94 金沢大学,角間新町,9405系統下り
9405,18,北陸鉄道グループ,94 金沢大学,金沢大学自然研前,9405系統下り
9405,19,北陸鉄道グループ,94 金沢大学,金沢大学中央,9405系統下り
9405,20,北陸鉄道グループ,94 金沢大学,金沢大学,9405系統下り
9503,0,北陸鉄道グループ,95 北陸大学太陽が丘,金沢駅,9503系統下り
9503,1,北陸鉄道グループ,95 北陸大学太陽が丘,リファーレ前,9503系統下り
9503,2,北陸鉄道グループ,95 北陸大学太陽が丘,武蔵ヶ辻,9503系統下り
9503,3,北陸鉄道グループ,95 北陸大学太陽が丘,南町,9503系統下り
9503,4,北陸鉄道グループ,95 北陸大学太陽が丘,香林坊,9503系統下り
9503,5,北陸鉄道グループ,95 北陸大学太陽が丘,広坂,9503系統下り
9503,6,北陸鉄道グループ,95 北陸大学太陽が丘,兼六園下,9503系統下り
9503,7,北陸鉄道グループ,95 北陸大学太陽が丘,小将町,9503系統下り
9503,8,北陸鉄道グループ,95 北陸大学太陽が丘,横山町,9503系統下り
9503,9,北陸鉄道グループ,95 北陸大学太陽が丘,暁町,9503系統下り
9503,10,北陸鉄道グループ,95 北陸大学太陽が丘,桜町,9503系統下り
9503,11,北陸鉄道グループ,95 北陸大学太陽が丘,田井町,9503系統下り
9503,12,北陸鉄道グループ,95 北陸大学太陽が丘,旭町口,9503系統下り
9503,13,北陸鉄道グループ,95 北陸大学太陽が丘,旭町,9503系統下り
9503,14,北陸鉄道グループ,95 北陸大学太陽が丘,旭町住宅,9503系統下り
9503,15,北陸鉄道グループ,95 北陸大学太陽が丘,旭町1丁目,9503系統下り
9503,16,北陸鉄道グループ,95 北陸大学太陽が丘,市農協金浦支所前,9503系統下り
9503,17,北陸鉄道グループ,95 北陸大学太陽が丘,下田上,9503系統下り
9503,18,北陸鉄道グループ,95 北陸大学太陽が丘,下田上/加賀田上,9503系統下り
9503,19,北陸鉄道グループ,95 北陸大学太陽が丘,加賀田上,9503系統下り
9503,20,北陸鉄道グループ,95 北陸大学太陽が丘,加賀田上/太陽が丘ニュータウン,9503系統下り
9503,21,北陸鉄道グループ,95 北陸大学太陽が丘,太陽が丘ニュータウン,9503系統下り
9503,22,北陸鉄道グループ,95 北陸大学太陽が丘,太陽が丘北陸大学通り,9503系統下り
9503,23,北陸鉄道グループ,95 北陸大学太陽が丘,北大ひまわりの家,9503系統下り
9503,24,北陸鉄道グループ,95 北陸大学太陽が丘,北陸大学太陽が丘,9503系統下り
9505,0,北陸鉄道グループ,95 旭町（北陸大学線）,金沢駅,9505系統下り
9505,1,北陸鉄道グループ,95 旭町（北陸大学線）,リファーレ前,9505系統下り
9505,2,北陸鉄道グループ,95 旭町（北陸大学線）,武蔵ヶ辻,9505系統下り
9505,3,北陸鉄道グループ,95 旭町（北陸大学線）,南町,9505系統下り
9505,4,北陸鉄道グループ,95 旭町（北陸大学線）,香林坊,9505系統下り
9505,5,北陸鉄道グループ,95 旭町（北陸大学線）,広坂,9505系統下り
9505,6,北陸鉄道グループ,95 旭町（北陸大学線）,兼六園下,9505系統下り
9505,7,北陸鉄道グループ,95 旭町（北陸大学線）,小将町,9505系統下り
9505,8,北陸鉄道グループ,95 旭町（北陸大学線）,横山町,9505系統下り
9505,9,北陸鉄道グループ,95 旭町（北陸大学線）,暁町,9505系統下り
9505,10,北陸鉄道グループ,95 旭町（北陸大学線）,桜町,9505系統下り
9505,11,北陸鉄道グループ,95 旭町（北陸大学線）,田井町,9505系統下り
9505,12,北陸鉄道グループ,95 旭町（北陸大学線）,旭町口,9505系統下り
9505,13,北陸鉄道グループ,95 旭町（北陸大学線）,旭町,9505系統下り
9806,0,北陸鉄道グループ,本津幡,野町駅,
9806,20,北陸鉄道グループ,本津幡,森本駅前,
9924,0,北陸鉄道グループ,小松空港連絡バス,小松空港,小松空港→金沢駅西口行き特急
9924,0,北陸鉄道グループ,小松空港連絡バス,小松空港,小松空港→金沢駅東口行き特急
9924,7,北陸鉄道グループ,小松空港連絡バス,金沢駅西口,小松空港→金沢駅東口行き特急
9924,9,北陸鉄道グループ,小松空港連絡バス,金沢駅東口,小松空港→金沢駅東口行き特急
13362,17,北陸鉄道・西部南部,34三馬大野,高尾,
33158,103,北陸鉄道グループ,鶴来駅・有松経由 金沢駅（白峰線）,香林坊,
33158,107,北陸鉄道グループ,鶴来駅・有松経由 金沢駅（白峰線）,金沢駅,
33271,16,北陸鉄道グループ,寺井庁舎前発金沢駅行,松任,
33271,36,北陸鉄道グループ,寺井庁舎前発金沢駅行,香林坊,
34169,15,北陸鉄道グループ,14 小立野２丁目経由 金沢駅,武蔵ケ辻（エムザ前）,
34169,17,北陸鉄道グループ,14 小立野２丁目経由 金沢駅,金沢駅,
34569,0,北陸鉄道グループ,18 花里,金沢東高校,
34569,1,北陸鉄道グループ,18 花里,東部車庫,
34569,2,北陸鉄道グループ,18 花里,都雅野住宅,
34569,4,北陸鉄道グループ,18 花里,永安町,
34569,5,北陸鉄道グループ,18 花里,大道割,
34569,6,北陸鉄道グループ,18 花里,涌波一丁目,
34569,7,北陸鉄道グループ,18 花里,涌波二丁目,
34569,8,北陸鉄道グループ,18 花里,涌波三丁目,
34569,9,北陸鉄道グループ,18 花里,花里住宅,
34569,10,北陸鉄道グループ,18 花里,三口新町,
34569,11,北陸鉄道グループ,18 花里,赤坂,
34569,12,北陸鉄道グループ,18 花里,笠舞一丁目,
34569,13,北陸鉄道グループ,18 花里,笠舞二丁目,
34569,14,北陸鉄道グループ,18 花里,猿丸神社前,
34569,15,北陸鉄道グループ,18 花里,思案橋,
34569,16,北陸鉄道グループ,18 花里,幸町,
34569,17,北陸鉄道グループ,18 花里,本多町,
34569,18,北陸鉄道グループ,18 花里,広坂,
34569,19,北陸鉄道グループ,18 花里,香林坊,
34569,20,北陸鉄道グループ,18 花里,南町,
34569,21,北陸鉄道グループ,18 花里,武蔵ヶ辻,
34569,22,北陸鉄道グループ,18 花里,リファーレ前,
34569,23,北陸鉄道グループ,18 花里,金沢駅,
34570,18,北陸鉄道グループ,18 本多町経由 金沢駅,香林坊,東部車庫発
34570,22,北陸鉄道グループ,18 本多町経由 金沢駅,金沢駅,東部車庫発
34771,8,北陸鉄道グループ,20 金沢駅,香林坊,金大付属学校自衛隊前発
34771,13,北陸鉄道グループ,20 金沢駅,金沢駅,金大付属学校自衛隊前発
35769,16,北陸鉄道グループ,30　額住宅線（光ヶ丘住宅→金沢駅西口）,香林坊（日銀前）,円光寺・奥野3丁目経由
35769,18,北陸鉄道グループ,30　額住宅線（光ヶ丘住宅→金沢駅西口）,武蔵ヶ辻（エムザ前）,円光寺、泉野三丁目経由
35785,0,北陸鉄道グループ,急行 金沢駅,光が丘住宅,3017系統上り
35785,1,北陸鉄道グループ,急行 金沢駅,大額二丁目,3017系統上り
35785,2,北陸鉄道グループ,急行 金沢駅,高尾新町,3017系統上り
35785,3,北陸鉄道グループ,急行 金沢駅,窪南,3017系統上り
35785,4,北陸鉄道グループ,急行 金沢駅,伏見台,3017系統上り
35785,5,北陸鉄道グループ,急行 金沢駅,有松,3017系統上り
35785,6,北陸鉄道グループ,急行 金沢駅,広小路,3017系統上り
35785,7,北陸鉄道グループ,急行 金沢駅,片町,3017系統上り
35785,8,北陸鉄道グループ,急行 金沢駅,香林坊,3017系統上り
35785,9,北陸鉄道グループ,急行 金沢駅,南町,3017系統上り
35785,10,北陸鉄道グループ,急行 金沢駅,武蔵ヶ辻,3017系統上り
35785,11,北陸鉄道グループ,急行 金沢駅,金沢駅,3017系統上り
35787,15,北陸鉄道グループ,30快速金沢駅,香林坊,有松経由
35787,18,北陸鉄道グループ,30快速金沢駅,金沢駅,有松経由
35870,0,北陸鉄道グループ,31 金沢駅（額住宅線）,下森島,3102系統上り
35870,1,北陸鉄道グループ,31 金沢駅（額住宅線）,上森島,3102系統上り
35870,2,北陸鉄道グループ,31 金沢駅（額住宅線）,日向団地,3102系統上り
35870,3,北陸鉄道グループ,31 金沢駅（額住宅線）,七原町,3102系統上り
35870,4,北陸鉄道グループ,31 金沢駅（額住宅線）,深瀬新町,3102系統上り
35870,5,北陸鉄道グループ,31 金沢駅（額住宅線）,富光寺,3102系統上り
35870,6,北陸鉄道グループ,31 金沢駅（額住宅線）,百々鶴荘前,3102系統上り
35870,7,北陸鉄道グループ,31 金沢駅（額住宅線）,加賀産新庄,3102系統上り
35870,8,北陸鉄道グループ,31 金沢駅（額住宅線）,下新庄,3102系統上り
35870,9,北陸鉄道グループ,31 金沢駅（額住宅線）,粟田,3102系統上り
35870,10,北陸鉄道グループ,31 金沢駅（額住宅線）,額新保三丁目,3102系統上り
35870,11,北陸鉄道グループ,31 金沢駅（額住宅線）,大額一丁目,3102系統上り
35870,12,北陸鉄道グループ,31 金沢駅（額住宅線）,額住宅駅,3102系統上り
35870,13,北陸鉄道グループ,31 金沢駅（額住宅線）,額新町,3102系統上り
35870,14,北陸鉄道グループ,31 金沢駅（額住宅線）,光が丘口,3102系統上り
35870,15,北陸鉄道グループ,31 金沢駅（額住宅線）,高尾南三丁目,3102系統上り
35870,16,北陸鉄道グループ,31 金沢駅（額住宅線）,高尾南一丁目,3102系統上り
35870,17,北陸鉄道グループ,31 金沢駅（額住宅線）,高尾新町,3102系統上り
35870,18,北陸鉄道グループ,31 金沢駅（額住宅線）,窪南,3102系統上り
35870,19,北陸鉄道グループ,31 金沢駅（額住宅線）,窪,3102系統上り
35870,20,北陸鉄道グループ,31 金沢駅（額住宅線）,円光寺,3102系統上り
35870,21,北陸鉄道グループ,31 金沢駅（額住宅線）,泉丘高校前,3102系統上り
35870,22,北陸鉄道グループ,31 金沢駅（額住宅線）,泉が丘,3102系統上り
35870,23,北陸鉄道グループ,31 金沢駅（額住宅線）,有松,3102系統上り
35870,24,北陸鉄道グループ,31 金沢駅（額住宅線）,泉二丁目,3102系統上り
35870,25,北陸鉄道グループ,31 金沢駅（額住宅線）,泉一丁目,3102系統上り
35870,26,北陸鉄道グループ,31 金沢駅（額住宅線）,野町,3102系統上り
35870,27,北陸鉄道グループ,31 金沢駅（額住宅線）,広小路,3102系統上り
35870,28,北陸鉄道グループ,31 金沢駅（額住宅線）,片町,3102系統上り
35870,29,北陸鉄道グループ,31 金沢駅（額住宅線）,香林坊,3102系統上り
35870,30,北陸鉄道グループ,31 金沢駅（額住宅線）,南町,3102系統上り
35870,31,北陸鉄道グループ,31 金沢駅（額住宅線）,武蔵ヶ辻,3102系統上り
35870,32,北陸鉄道グループ,31 金沢駅（額住宅線）,リファーレ前,3102系統上り
35870,33,北陸鉄道グループ,31 金沢駅（額住宅線）,金沢駅,3102系統上り
35969,13,北陸鉄道グループ,32金沢駅,香林坊,工業大学前発　有松経由
35969,17,北陸鉄道グループ,32金沢駅,金沢駅,工業大学前発　有松経由
35979,0,北陸鉄道グループ,33 金沢駅 (円光寺線),工大前,工大前→寺地→金沢駅
35979,1,北陸鉄道グループ,33 金沢駅 (円光寺線),三馬日赤病院前,工大前→寺地→金沢駅
35979,2,北陸鉄道グループ,33 金沢駅 (円光寺線),錦丘高校前,工大前→寺地→金沢駅
35979,3,北陸鉄道グループ,33 金沢駅 (円光寺線),伏見台,工大前→寺地→金沢駅
35979,4,北陸鉄道グループ,33 金沢駅 (円光寺線),寺地,工大前→寺地→金沢駅
35979,5,北陸鉄道グループ,33 金沢駅 (円光寺線),上有松,工大前→寺地→金沢駅
35979,6,北陸鉄道グループ,33 金沢駅 (円光寺線),有松,工大前→寺地→金沢駅
35979,7,北陸鉄道グループ,33 金沢駅 (円光寺線),泉二丁目,工大前→寺地→金沢駅
35979,8,北陸鉄道グループ,33 金沢駅 (円光寺線),泉一丁目,工大前→寺地→金沢駅
35979,9,北陸鉄道グループ,33 金沢駅 (円光寺線),野町,工大前→寺地→金沢駅
35979,10,北陸鉄道グループ,33 金沢駅 (円光寺線),広小路,工大前→寺地→金沢駅
35979,11,北陸鉄道グループ,33 金沢駅 (円光寺線),片町,工大前→寺地→金沢駅
36100,0,北陸鉄道グループ,33 金沢駅 (四十万線),南部車庫,南部車庫→寺地→金沢駅
36100,1,北陸鉄道グループ,33 金沢駅 (四十万線),加賀産上林,南部車庫→寺地→金沢駅
36100,2,北陸鉄道グループ,33 金沢駅 (四十万線),加賀産新庄,南部車庫→寺地→金沢駅
36100,3,北陸鉄道グループ,33 金沢駅 (四十万線),中四十万,南部車庫→寺地→金沢駅
36100,4,北陸鉄道グループ,33 金沢駅 (四十万線),四十万,南部車庫→寺地→金沢駅
36100,5,北陸鉄道グループ,33 金沢駅 (四十万線),しじま台,南部車庫→寺地→金沢駅
36100,6,北陸鉄道グループ,33 金沢駅 (四十万線),額中学校前,南部車庫→寺地→金沢駅
36100,7,北陸鉄道グループ,33 金沢駅 (四十万線),大額三丁目,南部車庫→寺地→金沢駅
36100,8,北陸鉄道グループ,33 金沢駅 (四十万線),大額二丁目,南部車庫→寺地→金沢駅
36100,9,北陸鉄道グループ,33 金沢駅 (四十万線),光が丘口,南部車庫→寺地→金沢駅
36100,10,北陸鉄道グループ,33 金沢駅 (四十万線),扇台小学校前,南部車庫→寺地→金沢駅
36100,11,北陸鉄道グループ,33 金沢駅 (四十万線),扇が丘,南部車庫→寺地→金沢駅
36100,12,北陸鉄道グループ,33 金沢駅 (四十万線),工大前,南部車庫→寺地→金沢駅
36100,13,北陸鉄道グループ,33 金沢駅 (四十万線),三馬日赤病院前,南部車庫→寺地→金沢駅
36100,14,北陸鉄道グループ,33 金沢駅 (四十万線),錦丘高校前,南部車庫→寺地→金沢駅
36100,15,北陸鉄道,四十万,伏見台,
36100,16,北陸鉄道グループ,33 金沢駅 (四十万線),寺地,南部車庫→寺地→金沢駅
36100,17,北陸鉄道グループ,33 金沢駅 (四十万線),上有松,南部車庫→寺地→金沢駅
36100,18,北陸鉄道グループ,33 金沢駅 (四十万線),有松,南部車庫→寺地→金沢駅
36100,19,北陸鉄道グループ,33 金沢駅 (四十万線),泉二丁目,南部車庫→寺地→金沢駅
36100,20,北陸鉄道グループ,33 金沢駅 (四十万線),泉一丁目,南部車庫→寺地→金沢駅
36100,21,北陸鉄道グループ,33 金沢駅 (四十万線),野町,南部車庫→寺地→金沢駅
36100,22,北陸鉄道グループ,33 金沢駅 (四十万線),広小路,南部車庫→寺地→金沢駅
36100,23,北陸鉄道,四十万,片町,
36100,24,北陸鉄道グループ,33 金沢駅 (四十万線),香林坊,南部車庫→寺地→金沢駅
36100,25,北陸鉄道グループ,33 金沢駅 (四十万線),南町,南部車庫→寺地→金沢駅
36100,26,北陸鉄道グループ,33 金沢駅 (四十万線),武蔵ヶ辻,南部車庫→寺地→金沢駅
36100,27,北陸鉄道グループ,33 金沢駅 (四十万線),リファーレ前,南部車庫→寺地→金沢駅
36100,28,北陸鉄道グループ,33 金沢駅 (四十万線),金沢駅,南部車庫→寺地→金沢駅
36201,14,北陸鉄道グループ,61　三馬・大野線（工大前→大野）,武蔵ヶ辻（エムザ前）,香林坊・久安経由
36201,23,北陸鉄道グループ,61　三馬・大野線（工大前→大野）,藤江,香林坊・久安経由
36769,3,北陸鉄道グループ,40金沢駅,松任,有松経由
36769,23,北陸鉄道グループ,40金沢駅,香林坊,有松経由
36869,0,北陸鉄道グループ,41 金沢駅（千代野線）,千代野,4101系統上り
36869,1,北陸鉄道グループ,41 金沢駅（千代野線）,千代野西八丁目,4101系統上り
36869,2,北陸鉄道グループ,41 金沢駅（千代野線）,千代野西六丁目,4101系統上り
36869,3,北陸鉄道グループ,41 金沢駅（千代野線）,千代野西二丁目,4101系統上り
36869,4,北陸鉄道グループ,41 金沢駅（千代野線）,千代野東三丁目,4101系統上り
36869,5,北陸鉄道グループ,41 金沢駅（千代野線）,千代野東一丁目,4101系統上り
36869,6,北陸鉄道グループ,41 金沢駅（千代野線）,北安田,4101系統上り
36869,7,北陸鉄道グループ,41 金沢駅（千代野線）,出城公民館前,4101系統上り
36869,8,北陸鉄道グループ,41 金沢駅（千代野線）,村井町,4101系統上り
36869,9,北陸鉄道グループ,41 金沢駅（千代野線）,南松任,4101系統上り
36869,10,北陸鉄道グループ,41 金沢駅（千代野線）,松任高校前,4101系統上り
36869,11,北陸鉄道グループ,41 金沢駅（千代野線）,西新町,4101系統上り
36869,12,北陸鉄道グループ,41 金沢駅（千代野線）,松任,4101系統上り
36869,13,北陸鉄道グループ,41 金沢駅（千代野線）,八ツ矢,4101系統上り
36869,14,北陸鉄道グループ,41 金沢駅（千代野線）,徳丸,4101系統上り
36869,15,北陸鉄道グループ,41 金沢駅（千代野線）,番匠,4101系統上り
36869,16,北陸鉄道グループ,41 金沢駅（千代野線）,田中,4101系統上り
36869,17,北陸鉄道グループ,41 金沢駅（千代野線）,三日市,4101系統上り
36869,18,北陸鉄道グループ,41 金沢駅（千代野線）,堀内町,4101系統上り
36869,19,北陸鉄道グループ,41 金沢駅（千代野線）,稲荷,4101系統上り
36869,20,北陸鉄道グループ,41 金沢駅（千代野線）,太平寺,4101系統上り
36869,21,北陸鉄道グループ,41 金沢駅（千代野線）,西野々市,4101系統上り
36869,22,北陸鉄道グループ,41 金沢駅（千代野線）,野々市中央,4101系統上り
36869,23,北陸鉄道グループ,41 金沢駅（千代野線）,横宮,4101系統上り
36869,24,北陸鉄道グループ,41 金沢駅（千代野線）,伏見橋,4101系統上り
36869,25,北陸鉄道グループ,41 金沢駅（千代野線）,二万堂,4101系統上り
36869,26,北陸鉄道グループ,41 金沢駅（千代野線）,有松,4101系統上り
36869,27,北陸鉄道グループ,41 金沢駅（千代野線）,泉二丁目,4101系統上り
36869,28,北陸鉄道グループ,41 金沢駅（千代野線）,泉一丁目,4101系統上り
36869,29,北陸鉄道グループ,41 金沢駅（千代野線）,野町,4101系統上り
36869,30,北陸鉄道グループ,41 金沢駅（千代野線）,広小路,4101系統上り
36869,31,北陸鉄道グループ,41 金沢駅（千代野線）,片町,4101系統上り
36869,32,北陸鉄道グループ,41 金沢駅（千代野線）,香林坊,4101系統上り
36869,33,北陸鉄道グループ,41 金沢駅（千代野線）,南町,4101系統上り
36869,34,北陸鉄道グループ,41 金沢駅（千代野線）,武蔵ヶ辻,4101系統上り
36869,35,北陸鉄道グループ,41 金沢駅（千代野線）,リファーレ前,4101系統上り
36869,36,北陸鉄道グループ,41 金沢駅（千代野線）,金沢駅,4101系統上り
37072,0,北陸鉄道グループ,43 小立野（錦町野々市線）,富光寺,4304系統上り
37072,1,北陸鉄道グループ,43 小立野（錦町野々市線）,富光寺/百々鶴荘前,4304系統上り
37072,2,北陸鉄道グループ,43 小立野（錦町野々市線）,百々鶴荘前,4304系統上り
37072,3,北陸鉄道グループ,43 小立野（錦町野々市線）,百々鶴荘前/西上林,4304系統上り
37072,4,北陸鉄道グループ,43 小立野（錦町野々市線）,西上林,4304系統上り
37072,5,北陸鉄道グループ,43 小立野（錦町野々市線）,西上林/末松,4304系統上り
37072,6,北陸鉄道グループ,43 小立野（錦町野々市線）,末松,4304系統上り
37072,7,北陸鉄道グループ,43 小立野（錦町野々市線）,末松/県立大学前,4304系統上り
37072,8,北陸鉄道グループ,43 小立野（錦町野々市線）,県立大学前,4304系統上り
37072,9,北陸鉄道グループ,43 小立野（錦町野々市線）,県立大学前/中林,4304系統上り
37072,10,北陸鉄道グループ,43 小立野（錦町野々市線）,中林,4304系統上り
37072,11,北陸鉄道グループ,43 小立野（錦町野々市線）,中林/町民研修センター前,4304系統上り
37072,12,北陸鉄道グループ,43 小立野（錦町野々市線）,町民研修センター前,4304系統上り
37072,13,北陸鉄道グループ,43 小立野（錦町野々市線）,町民研修センター前/藤平,4304系統上り
37072,14,北陸鉄道グループ,43 小立野（錦町野々市線）,藤平,4304系統上り
37072,15,北陸鉄道グループ,43 小立野（錦町野々市線）,藤平/下林,4304系統上り
37072,16,北陸鉄道グループ,43 小立野（錦町野々市線）,下林,4304系統上り
37072,17,北陸鉄道グループ,43 小立野（錦町野々市線）,位川,4304系統上り
37072,18,北陸鉄道グループ,43 小立野（錦町野々市線）,本太平寺,4304系統上り
37072,18,北陸鉄道グループ,43 小立野（錦町野々市線）,本太平寺,
37072,19,北陸鉄道グループ,43 小立野（錦町野々市線）,太平寺,4304系統上り
37072,20,北陸鉄道グループ,43 小立野（錦町野々市線）,西野々市,4304系統上り
37072,21,北陸鉄道グループ,43 小立野（錦町野々市線）,野々市本町三丁目,4304系統上り
37072,22,北陸鉄道グループ,43 小立野（錦町野々市線）,東野々市,4304系統上り
37072,23,北陸鉄道グループ,43 小立野（錦町野々市線）,押野,4304系統上り
37072,24,北陸鉄道グループ,43 小立野（錦町野々市線）,押野丸木,4304系統上り
37072,25,北陸鉄道グループ,43 小立野（錦町野々市線）,伏見橋,4304系統上り
37072,26,北陸鉄道グループ,43 小立野（錦町野々市線）,伏見橋,4304系統上り
37072,27,北陸鉄道グループ,43 小立野（錦町野々市線）,二万堂,4304系統上り
37072,28,北陸鉄道グループ,43 小立野（錦町野々市線）,有松,4304系統上り
37072,29,北陸鉄道グループ,43 小立野（錦町野々市線）,泉二丁目,4304系統上り
37072,30,北陸鉄道グループ,43 小立野（錦町野々市線）,泉一丁目,4304系統上り
37072,31,北陸鉄道グループ,43 小立野（錦町野々市線）,野町,4304系統上り
37072,32,北陸鉄道グループ,43 小立野（錦町野々市線）,広小路,4304系統上り
37072,33,北陸鉄道グループ,43 小立野（錦町野々市線）,片町,4304系統上り
37072,34,北陸鉄道グループ,43 小立野（錦町野々市線）,香林坊,4304系統上り
37072,35,北陸鉄道グループ,43 小立野（錦町野々市線）,広坂,4304系統上り
37072,36,北陸鉄道グループ,43 小立野（錦町野々市線）,兼六園下,4304系統上り
37072,37,北陸鉄道グループ,43 小立野（錦町野々市線）,出羽町,4304系統上り
37072,38,北陸鉄道グループ,43 小立野（錦町野々市線）,石引町,4304系統上り
37072,39,北陸鉄道グループ,43 小立野（錦町野々市線）,大学病院前,4304系統上り
37169,3,北陸鉄道グループ,44　野々市線（野々市車庫→金沢駅東口）,東野々市,西泉・片町経由
37169,17,北陸鉄道グループ,44　野々市線（野々市車庫→金沢駅東口）,武蔵ヶ辻（エムザ前）,西泉・片町経由
37172,21,北陸鉄道グループ,06番 野々市車庫発県庁前行き（西泉、金沢駅西口経由）,金沢駅西口【６】,
37172,26,北陸鉄道グループ,06番 野々市車庫発県庁前行き（西泉、金沢駅西口経由）,県庁前,
37774,0,北陸鉄道グループ,50 兼六園下（上荒屋線）,上荒屋西,5006系統上り
37774,1,北陸鉄道グループ,50 兼六園下（上荒屋線）,上荒屋大橋,5006系統上り
37774,2,北陸鉄道グループ,50 兼六園下（上荒屋線）,上荒屋,5006系統上り
37774,3,北陸鉄道グループ,50 兼六園下（上荒屋線）,矢木,5006系統上り
37774,4,北陸鉄道グループ,50 兼六園下（上荒屋線）,森戸,5006系統上り
37774,5,北陸鉄道グループ,50 兼六園下（上荒屋線）,新保本町,5006系統上り
37774,6,北陸鉄道グループ,50 兼六園下（上荒屋線）,八日市出町,5006系統上り
37774,7,北陸鉄道グループ,50 兼六園下（上荒屋線）,西金三丁目,5006系統上り
37774,8,北陸鉄道グループ,50 兼六園下（上荒屋線）,西金新町,5006系統上り
37774,9,北陸鉄道グループ,50 兼六園下（上荒屋線）,保古町,5006系統上り
37774,10,北陸鉄道グループ,50 兼六園下（上荒屋線）,糸田町,5006系統上り
37774,11,北陸鉄道グループ,50 兼六園下（上荒屋線）,新神田,5006系統上り
37774,12,北陸鉄道グループ,50 兼六園下（上荒屋線）,増泉,5006系統上り
37774,13,北陸鉄道グループ,50 兼六園下（上荒屋線）,増泉一丁目,5006系統上り
37774,14,北陸鉄道グループ,50 兼六園下（上荒屋線）,白菊町,5006系統上り
37774,15,北陸鉄道グループ,50 兼六園下（上荒屋線）,片町,5006系統上り
37774,16,北陸鉄道グループ,50 兼六園下（上荒屋線）,香林坊,5006系統上り
37774,17,北陸鉄道グループ,50 兼六園下（上荒屋線）,合同庁舎前,5006系統上り
37774,18,北陸鉄道グループ,50 兼六園下（上荒屋線）,丸の内,5006系統上り
37774,19,北陸鉄道グループ,50 兼六園下（上荒屋線）,兼六園下,5006系統上り
37779,0,北陸鉄道グループ,50 兼六園下（上荒屋線）,やすらぎホーム前,5011系統上り
37779,1,北陸鉄道グループ,50 兼六園下（上荒屋線）,御経塚中,5011系統上り
37779,2,北陸鉄道グループ,50 兼六園下（上荒屋線）,八日市三丁目,5011系統上り
37779,3,北陸鉄道グループ,50 兼六園下（上荒屋線）,八日市四丁目,5011系統上り
37779,4,北陸鉄道グループ,50 兼六園下（上荒屋線）,西金三丁目,5011系統上り
37779,5,北陸鉄道グループ,50 兼六園下（上荒屋線）,西金新町,5011系統上り
37779,6,北陸鉄道グループ,50 兼六園下（上荒屋線）,保古町,5011系統上り
37779,7,北陸鉄道グループ,50 兼六園下（上荒屋線）,糸田町,5011系統上り
37779,8,北陸鉄道グループ,50 兼六園下（上荒屋線）,新神田,5011系統上り
37779,9,北陸鉄道グループ,50 兼六園下（上荒屋線）,増泉,5011系統上り
37779,10,北陸鉄道グループ,50 兼六園下（上荒屋線）,増泉一丁目,5011系統上り
37779,11,北陸鉄道グループ,50 兼六園下（上荒屋線）,白菊町,5011系統上り
37779,12,北陸鉄道グループ,50 兼六園下（上荒屋線）,片町,5011系統上り
37779,13,北陸鉄道グループ,50 兼六園下（上荒屋線）,香林坊,5011系統上り
37779,14,北陸鉄道グループ,50 兼六園下（上荒屋線）,合同庁舎前,5011系統上り
37779,15,北陸鉄道グループ,50 兼六園下（上荒屋線）,丸の内,5011系統上り
37779,16,北陸鉄道グループ,50 兼六園下（上荒屋線）,兼六園下,5011系統上り
37792,0,北陸鉄道グループ,50 御所ニュータウン（上荒屋線）,上荒屋西,5024系統上り
37792,1,北陸鉄道グループ,50 御所ニュータウン（上荒屋線）,上荒屋大橋,5024系統上り
37792,2,北陸鉄道グループ,50 御所ニュータウン（上荒屋線）,上荒屋,5024系統上り
37792,3,北陸鉄道グループ,50 御所ニュータウン（上荒屋線）,矢木,5024系統上り
37792,4,北陸鉄道グループ,50 御所ニュータウン（上荒屋線）,森戸,5024系統上り
37792,5,北陸鉄道グループ,50 御所ニュータウン（上荒屋線）,新保本町,5024系統上り
37792,6,北陸鉄道グループ,50 御所ニュータウン（上荒屋線）,八日市出町,5024系統上り
37792,7,北陸鉄道グループ,50 御所ニュータウン（上荒屋線）,西金三丁目,5024系統上り
37792,8,北陸鉄道グループ,50 御所ニュータウン（上荒屋線）,西金新町,5024系統上り
37792,9,北陸鉄道グループ,50 御所ニュータウン（上荒屋線）,保古町,5024系統上り
37792,10,北陸鉄道グループ,50 御所ニュータウン（上荒屋線）,糸田町,5024系統上り
37792,11,北陸鉄道グループ,50 御所ニュータウン（上荒屋線）,新神田,5024系統上り
37792,12,北陸鉄道グループ,50 御所ニュータウン（上荒屋線）,増泉,5024系統上り
37792,13,北陸鉄道グループ,50 御所ニュータウン（上荒屋線）,増泉一丁目,5024系統上り
37792,14,北陸鉄道グループ,50 御所ニュータウン（上荒屋線）,白菊町,5024系統上り
37792,15,北陸鉄道グループ,50 御所ニュータウン（上荒屋線）,片町,5024系統上り
37792,16,北陸鉄道グループ,50 御所ニュータウン（上荒屋線）,香林坊（日銀前）,5024系統上り
37792,17,北陸鉄道グループ,50 御所ニュータウン（上荒屋線）,香林坊（勧銀前）,5024系統上り
37792,18,北陸鉄道グループ,50 御所ニュータウン（上荒屋線）,南町,5024系統上り
37792,19,北陸鉄道グループ,50 御所ニュータウン（上荒屋線）,武蔵ヶ辻,5024系統上り
37792,20,北陸鉄道グループ,50 御所ニュータウン（上荒屋線）,彦三,5024系統上り
37792,21,北陸鉄道グループ,50 御所ニュータウン（上荒屋線）,瓢箪町,5024系統上り
37792,22,北陸鉄道グループ,50 御所ニュータウン（上荒屋線）,小橋町,5024系統上り
37792,23,北陸鉄道グループ,50 御所ニュータウン（上荒屋線）,森山二丁目,5024系統上り
37792,24,北陸鉄道グループ,50 御所ニュータウン（上荒屋線）,山の上,5024系統上り
37792,25,北陸鉄道グループ,50 御所ニュータウン（上荒屋線）,春日町,5024系統上り
37792,26,北陸鉄道グループ,50 御所ニュータウン（上荒屋線）,桜丘高校前,5024系統上り
37792,27,北陸鉄道グループ,50 御所ニュータウン（上荒屋線）,鳴和台市民体育会館前,5024系統上り
37792,28,北陸鉄道グループ,50 御所ニュータウン（上荒屋線）,鳴和台,5024系統上り
37792,29,北陸鉄道グループ,50 御所ニュータウン（上荒屋線）,高田,5024系統上り
37792,30,北陸鉄道グループ,50 御所ニュータウン（上荒屋線）,星稜女子短期大学前,5024系統上り
37792,31,北陸鉄道グループ,50 御所ニュータウン（上荒屋線）,御所一丁目,5024系統上り
37792,32,北陸鉄道グループ,50 御所ニュータウン（上荒屋線）,御所二丁目,5024系統上り
37869,0,北陸鉄道グループ,51 金沢駅（みどり・打木線）,みどり二丁目,5101系統上り
37869,1,北陸鉄道グループ,51 金沢駅（みどり・打木線）,みどり中央,5101系統上り
37869,2,北陸鉄道グループ,51 金沢駅（みどり・打木線）,みどり一丁目,5101系統上り
37869,3,北陸鉄道グループ,51 金沢駅（みどり・打木線）,二塚,5101系統上り
37869,4,北陸鉄道グループ,51 金沢駅（みどり・打木線）,ＪＡ二塚支店前,5101系統上り
37869,5,北陸鉄道グループ,51 金沢駅（みどり・打木線）,松島北,5101系統上り
37869,6,北陸鉄道グループ,51 金沢駅（みどり・打木線）,松島,5101系統上り
37869,7,北陸鉄道グループ,51 金沢駅（みどり・打木線）,古府南,5101系統上り
37869,8,北陸鉄道グループ,51 金沢駅（みどり・打木線）,間明二丁目,5101系統上り
37869,9,北陸鉄道グループ,51 金沢駅（みどり・打木線）,米丸学校前,5101系統上り
37869,10,北陸鉄道グループ,51 金沢駅（みどり・打木線）,新神田,5101系統上り
37869,11,北陸鉄道グループ,51 金沢駅（みどり・打木線）,増泉,5101系統上り
37869,12,北陸鉄道グループ,51 金沢駅（みどり・打木線）,増泉一丁目,5101系統上り
37869,13,北陸鉄道グループ,51 金沢駅（みどり・打木線）,白菊町,5101系統上り
37869,14,北陸鉄道グループ,51 金沢駅（みどり・打木線）,片町,5101系統上り
37869,15,北陸鉄道グループ,51 金沢駅（みどり・打木線）,香林坊,5101系統上り
37869,16,北陸鉄道グループ,51 金沢駅（みどり・打木線）,南町,5101系統上り
37869,17,北陸鉄道グループ,51 金沢駅（みどり・打木線）,武蔵ヶ辻,5101系統上り
37869,18,北陸鉄道グループ,51 金沢駅（みどり・打木線）,リファーレ前,5101系統上り
37869,19,北陸鉄道グループ,51 金沢駅（みどり・打木線）,金沢駅,5101系統上り
38069,0,北陸鉄道グループ,53 兼六園下,西金沢,5301系統上り
38069,1,北陸鉄道グループ,53 兼六園下,米泉,5301系統上り
38069,2,北陸鉄道グループ,53 兼六園下,西泉,5301系統上り
38069,3,北陸鉄道グループ,53 兼六園下,金沢高校前,5301系統上り
38069,4,北陸鉄道グループ,53 兼六園下,泉新町,5301系統上り
38069,5,北陸鉄道グループ,53 兼六園下,泉1丁目,5301系統上り
38069,6,北陸鉄道グループ,53 兼六園下,野町,5301系統上り
38069,7,北陸鉄道グループ,53 兼六園下,広小路,5301系統上り
38069,8,北陸鉄道グループ,53 兼六園下,片町,5301系統上り
38069,9,北陸鉄道グループ,53 兼六園下,香林坊,5301系統上り
38069,10,北陸鉄道グループ,53 兼六園下,広坂,5301系統上り
38069,11,北陸鉄道グループ,53 兼六園下,兼六園下,5301系統上り
38072,0,北陸鉄道グループ,53 西金沢 (金沢大学自然研前 通過),金沢大学,5304系統上り
38072,1,北陸鉄道グループ,53 西金沢 (金沢大学自然研前 通過),金沢大学中央,5304系統上り
38072,2,北陸鉄道グループ,53 西金沢 (金沢大学自然研前 通過),角間新町,5304系統上り
38072,3,北陸鉄道グループ,53 西金沢 (金沢大学自然研前 通過),若松,5304系統上り
38072,4,北陸鉄道グループ,53 西金沢 (金沢大学自然研前 通過),若松西,5304系統上り
38072,5,北陸鉄道グループ,53 西金沢 (金沢大学自然研前 通過),若松橋,5304系統上り
38072,6,北陸鉄道グループ,53 西金沢 (金沢大学自然研前 通過),旭町,5304系統上り
38072,7,北陸鉄道グループ,53 西金沢 (金沢大学自然研前 通過),旭町口,5304系統上り
38072,8,北陸鉄道グループ,53 西金沢 (金沢大学自然研前 通過),田井町,5304系統上り
38072,9,北陸鉄道グループ,53 西金沢 (金沢大学自然研前 通過),桜町,5304系統上り
38072,10,北陸鉄道グループ,53 西金沢 (金沢大学自然研前 通過),暁町,5304系統上り
38072,11,北陸鉄道グループ,53 西金沢 (金沢大学自然研前 通過),横山町,5304系統上り
38072,12,北陸鉄道グループ,53 西金沢 (金沢大学自然研前 通過),小将町,5304系統上り
38072,13,北陸鉄道グループ,53 西金沢 (金沢大学自然研前 通過),兼六園下,5304系統上り
38072,14,北陸鉄道グループ,53 西金沢 (金沢大学自然研前 通過),広坂,5304系統上り
38072,15,北陸鉄道グループ,53 西金沢 (金沢大学自然研前 通過),香林坊,5304系統上り
38072,16,北陸鉄道グループ,53 西金沢 (金沢大学自然研前 通過),片町,5304系統上り
38072,17,北陸鉄道グループ,53 西金沢 (金沢大学自然研前 通過),広小路,5304系統上り
38072,18,北陸鉄道グループ,53 西金沢 (金沢大学自然研前 通過),野町,5304系統上り
38072,19,北陸鉄道グループ,53 西金沢 (金沢大学自然研前 通過),泉1丁目,5304系統上り
38072,20,北陸鉄道グループ,53 西金沢 (金沢大学自然研前 通過),泉新町,5304系統上り
38072,21,北陸鉄道グループ,53 西金沢 (金沢大学自然研前 通過),金沢高校前,5304系統上り
38072,22,北陸鉄道グループ,53 西金沢 (金沢大学自然研前 通過),西泉,5304系統上り
38072,23,北陸鉄道グループ,53 西金沢 (金沢大学自然研前 通過),米泉,5304系統上り
38072,24,北陸鉄道グループ,53 西金沢 (金沢大学自然研前 通過),西金沢,5304系統上り
38075,0,北陸鉄道グループ,53 西金沢,金沢大学,5307系統上り
38075,1,北陸鉄道グループ,53 西金沢,金沢大学中央,5307系統上り
38075,2,北陸鉄道グループ,53 西金沢,金沢大学自然研前,5307系統上り
38075,3,北陸鉄道グループ,53 西金沢,角間新町,5307系統上り
38075,4,北陸鉄道グループ,53 西金沢,若松,5307系統上り
38075,5,北陸鉄道グループ,53 西金沢,若松西,5307系統上り
38075,6,北陸鉄道グループ,53 西金沢,若松橋,5307系統上り
38075,7,北陸鉄道グループ,53 西金沢,旭町,5307系統上り
38075,8,北陸鉄道グループ,53 西金沢,旭町口,5307系統上り
38075,9,北陸鉄道グループ,53 西金沢,田井町,5307系統上り
38075,10,北陸鉄道グループ,53 西金沢,桜町,5307系統上り
38075,11,北陸鉄道グループ,53 西金沢,暁町,5307系統上り
38075,12,北陸鉄道グループ,53 西金沢,横山町,5307系統上り
38075,13,北陸鉄道グループ,53 西金沢,小将町,5307系統上り
38075,14,北陸鉄道グループ,53 西金沢,兼六園下,5307系統上り
38075,15,北陸鉄道グループ,53 西金沢,広坂,5307系統上り
38075,16,北陸鉄道グループ,53 西金沢,香林坊,5307系統上り
38075,17,北陸鉄道グループ,53 西金沢,片町,5307系統上り
38075,18,北陸鉄道グループ,53 西金沢,広小路,5307系統上り
38075,19,北陸鉄道グループ,53 西金沢,野町,5307系統上り
38075,20,北陸鉄道グループ,53 西金沢,泉1丁目,5307系統上り
38075,21,北陸鉄道グループ,53 西金沢,泉新町,5307系統上り
38075,22,北陸鉄道グループ,53 西金沢,金沢高校前,5307系統上り
38075,23,北陸鉄道グループ,53 西金沢,西泉,5307系統上り
38075,24,北陸鉄道グループ,53 西金沢,米泉,5307系統上り
38075,25,北陸鉄道グループ,53 西金沢,西金沢,5307系統上り
38480,16,北陸鉄道グループ,64番 上荒屋西発工業試験場行き（西金三丁目、金沢駅西口経由,金沢駅西口,
38480,23,北陸鉄道グループ,64番 上荒屋西発工業試験場行き（西金三丁目、金沢駅西口経由,県庁前,
39271,8,北陸鉄道グループ,01香林坊（シティライナー）,県庁前,
39271,13,北陸鉄道グループ,01香林坊（シティライナー）,金沢駅西口,
39774,0,北陸鉄道グループ,10 東部車庫（錦町粟崎線）,粟崎三丁目,7006系統上り
39774,1,北陸鉄道グループ,10 東部車庫（錦町粟崎線）,粟崎一丁目,7006系統上り
39774,2,北陸鉄道グループ,10 東部車庫（錦町粟崎線）,粟崎南口,7006系統上り
39774,3,北陸鉄道グループ,10 東部車庫（錦町粟崎線）,港三丁目,7006系統上り
39774,4,北陸鉄道グループ,10 東部車庫（錦町粟崎線）,近岡北,7006系統上り
39774,5,北陸鉄道グループ,10 東部車庫（錦町粟崎線）,近岡,7006系統上り
39774,6,北陸鉄道グループ,10 東部車庫（錦町粟崎線）,直江,7006系統上り
39774,7,北陸鉄道グループ,10 東部車庫（錦町粟崎線）,金沢流通会館前,7006系統上り
39774,8,北陸鉄道グループ,10 東部車庫（錦町粟崎線）,問屋二丁目,7006系統上り
39774,9,北陸鉄道グループ,10 東部車庫（錦町粟崎線）,問屋一丁目,7006系統上り
39774,10,北陸鉄道グループ,10 東部車庫（錦町粟崎線）,西割出,7006系統上り
39774,11,北陸鉄道グループ,10 東部車庫（錦町粟崎線）,三浦住宅前,7006系統上り
39774,12,北陸鉄道グループ,10 東部車庫（錦町粟崎線）,南新保口,7006系統上り
39774,13,北陸鉄道グループ,10 東部車庫（錦町粟崎線）,上諸江,7006系統上り
39774,14,北陸鉄道グループ,10 東部車庫（錦町粟崎線）,諸江町小学校前,7006系統上り
39774,15,北陸鉄道グループ,10 東部車庫（錦町粟崎線）,北安江,7006系統上り
39774,16,北陸鉄道グループ,10 錦町・粟崎,金沢駅西口,粟崎三丁目→香林坊→東部車庫
39774,16,北陸鉄道グループ,10 錦町・粟崎,金沢駅西口,
39774,17,北陸鉄道グループ,10 東部車庫（錦町粟崎線）,広岡口,7006系統上り
39774,18,北陸鉄道グループ,10 東部車庫（錦町粟崎線）,中橋,7006系統上り
39774,19,北陸鉄道グループ,10 東部車庫（錦町粟崎線）,六枚町,7006系統上り
39774,20,北陸鉄道グループ,10 東部車庫（錦町粟崎線）,武蔵ヶ辻,7006系統上り
39774,21,北陸鉄道グループ,10 東部車庫（錦町粟崎線）,南町,7006系統上り
39774,22,北陸鉄道グループ,10 東部車庫（錦町粟崎線）,香林坊（アトリオ前）,7006系統上り
39774,23,北陸鉄道グループ,10 東部車庫（錦町粟崎線）,香林坊（中央公園前）,7006系統上り
39774,24,北陸鉄道グループ,10 東部車庫（錦町粟崎線）,成巽閣前,7006系統上り
39774,25,北陸鉄道グループ,10 東部車庫（錦町粟崎線）,出羽町,7006系統上り
39774,26,北陸鉄道グループ,錦町・粟崎,石引町,
39774,27,北陸鉄道グループ,10 東部車庫（錦町粟崎線）,小立野,7006系統上り
39774,28,北陸鉄道グループ,10 東部車庫（錦町粟崎線）,天徳院前,7006系統上り
39774,29,北陸鉄道グループ,10 東部車庫（錦町粟崎線）,小立野三丁目,7006系統上り
39774,30,北陸鉄道グループ,10 東部車庫（錦町粟崎線）,金大工学部前,7006系統上り
39774,31,北陸鉄道グループ,10 東部車庫（錦町粟崎線）,小立野一丁目,7006系統上り
39774,32,北陸鉄道グループ,10 東部車庫（錦町粟崎線）,錦町,7006系統上り
39774,33,北陸鉄道グループ,10 東部車庫（錦町粟崎線）,土清水口,7006系統上り
39774,34,北陸鉄道グループ,10 東部車庫（錦町粟崎線）,土清水,7006系統上り
39774,35,北陸鉄道グループ,10 東部車庫（錦町粟崎線）,大道割口,7006系統上り
39774,36,北陸鉄道グループ,10 東部車庫（錦町粟崎線）,永安町,7006系統上り
39774,37,北陸鉄道グループ,10 東部車庫（錦町粟崎線）,末,7006系統上り
39774,38,北陸鉄道グループ,10 東部車庫（錦町粟崎線）,都雅野住宅,7006系統上り
39774,39,北陸鉄道グループ,10 東部車庫（錦町粟崎線）,東部車庫,7006系統上り
40769,0,北陸鉄道グループ,80 柳橋（柳橋円光寺線）,円光寺,8001系統上り
40769,1,北陸鉄道グループ,80 柳橋（柳橋円光寺線）,泉丘高校前,8001系統上り
40769,2,北陸鉄道グループ,80 柳橋（柳橋円光寺線）,泉が丘,8001系統上り
40769,3,北陸鉄道グループ,80 柳橋（柳橋円光寺線）,有松,8001系統上り
40769,4,北陸鉄道グループ,80 柳橋（柳橋円光寺線）,泉二丁目,8001系統上り
40769,5,北陸鉄道グループ,80 柳橋（柳橋円光寺線）,泉一丁目,8001系統上り
40769,6,北陸鉄道グループ,80 柳橋（柳橋円光寺線）,野町,8001系統上り
40769,7,北陸鉄道グループ,80 柳橋（柳橋円光寺線）,広小路,8001系統上り
40769,8,北陸鉄道グループ,80 柳橋（柳橋円光寺線）,片町,8001系統上り
40769,9,北陸鉄道グループ,80 柳橋（柳橋円光寺線）,香林坊（日銀前）,8001系統上り
40769,10,北陸鉄道グループ,80 柳橋（柳橋円光寺線）,香林坊（勧銀前）,8001系統上り
40769,11,北陸鉄道グループ,80 柳橋（柳橋円光寺線）,南町,8001系統上り
40769,12,北陸鉄道グループ,80 柳橋（柳橋円光寺線）,武蔵ヶ辻,8001系統上り
40769,13,北陸鉄道グループ,80 柳橋（柳橋円光寺線）,尾張町,8001系統上り
40769,14,北陸鉄道グループ,80 柳橋（柳橋円光寺線）,橋場町,8001系統上り
40769,15,北陸鉄道グループ,80 柳橋（柳橋円光寺線）,東山,8001系統上り
40769,16,北陸鉄道グループ,80 柳橋（柳橋円光寺線）,森山,8001系統上り
40769,17,北陸鉄道グループ,80 柳橋（柳橋円光寺線）,山の上,8001系統上り
40769,18,北陸鉄道グループ,80 柳橋（柳橋円光寺線）,春日町,8001系統上り
40769,19,北陸鉄道グループ,80 柳橋（柳橋円光寺線）,鳴和,8001系統上り
40769,20,北陸鉄道グループ,80 柳橋（柳橋円光寺線）,小坂,8001系統上り
40769,21,北陸鉄道グループ,80 柳橋（柳橋円光寺線）,小坂中,8001系統上り
40769,22,北陸鉄道グループ,80 柳橋（柳橋円光寺線）,神谷内,8001系統上り
40769,23,北陸鉄道グループ,80 柳橋（柳橋円光寺線）,柳橋,8001系統上り
40869,0,北陸鉄道グループ,81 泉野出町（柳橋寺町線）,柳橋,8101系統上り
40869,1,北陸鉄道グループ,81 泉野出町（柳橋寺町線）,神谷内,8101系統上り
40869,2,北陸鉄道グループ,81 泉野出町（柳橋寺町線）,小坂中,8101系統上り
40869,3,北陸鉄道グループ,81 泉野出町（柳橋寺町線）,小坂,8101系統上り
40869,4,北陸鉄道グループ,81 泉野出町（柳橋寺町線）,鳴和,8101系統上り
40869,5,北陸鉄道グループ,81 泉野出町（柳橋寺町線）,春日町,8101系統上り
40869,6,北陸鉄道グループ,81 泉野出町（柳橋寺町線）,山の上,8101系統上り
40869,7,北陸鉄道グループ,81 泉野出町（柳橋寺町線）,森山,8101系統上り
40869,8,北陸鉄道グループ,81 泉野出町（柳橋寺町線）,東山,8101系統上り
40869,9,北陸鉄道グループ,81 泉野出町（柳橋寺町線）,橋場町,8101系統上り
40869,10,北陸鉄道グループ,81 泉野出町（柳橋寺町線）,橋場町,8101系統上り
40869,11,北陸鉄道グループ,81 泉野出町（柳橋寺町線）,兼六園下,8101系統上り
40869,12,北陸鉄道グループ,81 泉野出町（柳橋寺町線）,広坂,8101系統上り
40869,13,北陸鉄道グループ,81 泉野出町（柳橋寺町線）,香林坊,8101系統上り
40869,14,北陸鉄道グループ,81 泉野出町（柳橋寺町線）,片町,8101系統上り
40869,15,北陸鉄道グループ,81 泉野出町（柳橋寺町線）,広小路,8101系統上り
40869,16,北陸鉄道グループ,81 泉野出町（柳橋寺町線）,寺町三丁目,8101系統上り
40869,17,北陸鉄道グループ,81 泉野出町（柳橋寺町線）,寺町二丁目,8101系統上り
40869,18,北陸鉄道グループ,81 泉野出町（柳橋寺町線）,寺町一丁目,8101系統上り
40869,19,北陸鉄道グループ,81 泉野出町（柳橋寺町線）,泉野一丁目,8101系統上り
40869,20,北陸鉄道グループ,81 泉野出町（柳橋寺町線）,泉野四丁目,8101系統上り
40869,21,北陸鉄道グループ,81 泉野出町（柳橋寺町線）,泉野六丁目,8101系統上り
40869,22,北陸鉄道グループ,81 泉野出町（柳橋寺町線）,市総合体育館前,8101系統上り
40869,23,北陸鉄道グループ,81 柳橋（柳橋寺町線）,泉野出町,8101系統上り
40869,24,北陸鉄道グループ,81 柳橋（柳橋寺町線）,伏見新町,8101系統上り
40869,25,北陸鉄道グループ,81 柳橋（柳橋寺町線）,長坂台,8101系統上り
40869,26,北陸鉄道グループ,81 柳橋（柳橋寺町線）,泉野出町一丁目,8101系統上り
40869,27,北陸鉄道グループ,81 柳橋（柳橋寺町線）,市総合体育館前,8101系統上り
40869,28,北陸鉄道グループ,81 柳橋（柳橋寺町線）,泉野六丁目,8101系統上り
40869,29,北陸鉄道グループ,81 柳橋（柳橋寺町線）,泉野四丁目,8101系統上り
40869,30,北陸鉄道グループ,81 柳橋（柳橋寺町線）,泉野一丁目,8101系統上り
40869,31,北陸鉄道グループ,81 柳橋（柳橋寺町線）,寺町一丁目,8101系統上り
40869,32,北陸鉄道グループ,81 柳橋（柳橋寺町線）,寺町二丁目,8101系統上り
40869,33,北陸鉄道グループ,81 柳橋（柳橋寺町線）,寺町三丁目,8101系統上り
40869,34,北陸鉄道グループ,81 柳橋（柳橋寺町線）,広小路,8101系統上り
40869,35,北陸鉄道グループ,81 柳橋（柳橋寺町線）,片町,8101系統上り
40869,36,北陸鉄道グループ,81 柳橋（柳橋寺町線）,香林坊,8101系統上り
40869,37,北陸鉄道グループ,81 柳橋（柳橋寺町線）,広坂,8101系統上り
40869,38,北陸鉄道グループ,81 柳橋（柳橋寺町線）,兼六園下,8101系統上り
40869,39,北陸鉄道グループ,81 柳橋（柳橋寺町線）,橋場町,8101系統上り
40869,40,北陸鉄道グループ,81 柳橋（柳橋寺町線）,橋場町,8101系統上り
40869,41,北陸鉄道グループ,81 柳橋（柳橋寺町線）,東山,8101系統上り
40869,42,北陸鉄道グループ,81 柳橋（柳橋寺町線）,森山,8101系統上り
40869,43,北陸鉄道グループ,81 柳橋（柳橋寺町線）,山の上,8101系統上り
40869,44,北陸鉄道グループ,81 柳橋（柳橋寺町線）,春日町,8101系統上り
40869,45,北陸鉄道グループ,81 柳橋（柳橋寺町線）,鳴和,8101系統上り
40869,45,北陸鉄道グループ,81 柳橋（柳橋寺町線）,鳴和,8101系統上り
40869,46,北陸鉄道グループ,81 柳橋（柳橋寺町線）,小坂,8101系統上り
40869,47,北陸鉄道グループ,81 柳橋（柳橋寺町線）,小坂,8101系統上り
40869,47,北陸鉄道グループ,81 柳橋（柳橋寺町線）,小坂中,8101系統上り
40869,48,北陸鉄道グループ,81 柳橋（柳橋寺町線）,神谷内,8101系統上り
40869,49,北陸鉄道グループ,81 柳橋（柳橋寺町線）,柳橋,8101系統上り
40969,11,北陸鉄道グループ,82 鳴和・増泉,金沢駅,西金沢→柳橋行き
40969,21,北陸鉄道グループ,82 鳴和・増泉,柳橋,西金沢→柳橋行き
41771,0,北陸鉄道グループ,90 金沢駅,千寿閣,9003系統上り
41771,1,北陸鉄道グループ,90 金沢駅,鈴見台四丁目,9003系統上り
41771,2,北陸鉄道グループ,90 金沢駅,鈴見台三丁目,9003系統上り
41771,3,北陸鉄道グループ,90 金沢駅,鈴見台二丁目,9003系統上り
41771,4,北陸鉄道グループ,90 金沢駅,鈴見台一丁目,9003系統上り
41771,5,北陸鉄道グループ,90 金沢駅,桜町,9003系統上り
41771,6,北陸鉄道グループ,90 金沢駅,暁町,9003系統上り
41771,7,北陸鉄道グループ,90 金沢駅,横山町,9003系統上り
41771,8,北陸鉄道グループ,90 金沢駅,小将町,9003系統上り
41771,9,北陸鉄道グループ,90 金沢駅,兼六園下,9003系統上り
41771,10,北陸鉄道グループ,90 金沢駅,広坂,9003系統上り
41771,11,北陸鉄道グループ,90 金沢駅,香林坊,9003系統上り
41771,12,北陸鉄道グループ,90 金沢駅,南町,9003系統上り
41771,13,北陸鉄道グループ,90 金沢駅,武蔵ヶ辻,9003系統上り
41771,14,北陸鉄道グループ,90 金沢駅,リファーレ前,9003系統上り
41771,15,北陸鉄道グループ,90 金沢駅,金沢駅,9003系統上り
41969,0,北陸鉄道グループ,92 金沢駅,田上住宅,9201系統上り
41969,1,北陸鉄道グループ,92 金沢駅,田上新町,9201系統上り
41969,2,北陸鉄道グループ,92 金沢駅,若松病院前,9201系統上り
41969,3,北陸鉄道グループ,92 金沢駅,上若松,9201系統上り
41969,4,北陸鉄道グループ,92 金沢駅,若松,9201系統上り
41969,5,北陸鉄道グループ,92 金沢駅,若谷,9201系統上り
41969,6,北陸鉄道グループ,92 金沢駅,鈴見台2丁目,9201系統上り
41969,7,北陸鉄道グループ,92 金沢駅,鈴見台1丁目,9201系統上り
41969,8,北陸鉄道グループ,92 金沢駅,桜町,9201系統上り
41969,9,北陸鉄道グループ,92 金沢駅,暁町,9201系統上り
41969,10,北陸鉄道グループ,92 金沢駅,横山町,9201系統上り
41969,11,北陸鉄道グループ,92 金沢駅,小将町,9201系統上り
41969,12,北陸鉄道グループ,92 金沢駅,兼六園下,9201系統上り
41969,13,北陸鉄道グループ,92 金沢駅,広坂,9201系統上り
41969,14,北陸鉄道グループ,92 金沢駅,香林坊,9201系統上り
41969,15,北陸鉄道グループ,92 金沢駅,南町,9201系統上り
41969,16,北陸鉄道グループ,92 金沢駅,武蔵ヶ辻,9201系統上り
41969,17,北陸鉄道グループ,92 金沢駅,リファーレ前,9201系統上り
41969,18,北陸鉄道グループ,92 金沢駅,金沢駅,9201系統上り
41999,0,北陸鉄道グループ,06 県庁前,田上住宅,9231系統上り
41999,1,北陸鉄道グループ,06 県庁前,田上新町,9231系統上り
41999,2,北陸鉄道グループ,06 県庁前,田上2丁目,9231系統上り
41999,3,北陸鉄道グループ,06 県庁前,上若松,9231系統上り
41999,4,北陸鉄道グループ,06 県庁前,若松,9231系統上り
41999,5,北陸鉄道グループ,06 県庁前,若谷,9231系統上り
41999,6,北陸鉄道グループ,06 県庁前,鈴見台2丁目,9231系統上り
41999,7,北陸鉄道グループ,06 県庁前,鈴見台1丁目,9231系統上り
41999,8,北陸鉄道グループ,06 県庁前,桜町,9231系統上り
41999,9,北陸鉄道グループ,06 県庁前,暁町,9231系統上り
41999,10,北陸鉄道グループ,06 県庁前,横山町,9231系統上り
41999,11,北陸鉄道グループ,06 県庁前,小将町,9231系統上り
41999,12,北陸鉄道グループ,06 県庁前,兼六園下,9231系統上り
41999,13,北陸鉄道グループ,06 県庁前,広坂,9231系統上り
41999,14,北陸鉄道グループ,06 県庁前,香林坊,9231系統上り
41999,15,北陸鉄道グループ,06 県庁前,南町,9231系統上り
41999,16,北陸鉄道グループ,06 県庁前,武蔵ヶ辻（エムザ前）,9231系統上り
41999,17,北陸鉄道グループ,06 県庁前,武蔵ヶ辻（スカイ前）,9231系統上り
41999,18,北陸鉄道グループ,06 県庁前,六枚町,9231系統上り
41999,19,北陸鉄道グループ,06 県庁前,広岡口,9231系統上り
41999,20,北陸鉄道グループ,06 県庁前,金沢駅西口,9231系統上り
41999,21,北陸鉄道グループ,06 県庁前,広岡,9231系統上り
41999,22,北陸鉄道グループ,06 県庁前,西念南,9231系統上り
41999,23,北陸鉄道グループ,06 県庁前,西念西,9231系統上り
41999,24,北陸鉄道グループ,06 県庁前,駅西合庁前,9231系統上り
41999,25,北陸鉄道グループ,06 県庁前,県庁前,9231系統上り
42069,3,北陸鉄道,93金沢大学(鈴見経由),若松,上り
42173,0,北陸鉄道グループ,94 金沢駅,金沢大学,9405系統上り
42173,1,北陸鉄道グループ,94 金沢駅,金沢大学中央,9405系統上り
42173,2,北陸鉄道グループ,94 金沢駅,金沢大学自然研前,9405系統上り
42173,3,北陸鉄道グループ,94 金沢駅,角間新町,9405系統上り
42173,4,北陸鉄道グループ,94 金沢駅,若松,9405系統上り
42173,5,北陸鉄道グループ,94 金沢駅,若松西,9405系統上り
42173,6,北陸鉄道グループ,94 金沢駅,若松橋,9405系統上り
42173,7,北陸鉄道グループ,94 金沢駅,旭町,9405系統上り
42173,8,北陸鉄道グループ,94 金沢駅,旭町口,9405系統上り
42173,9,北陸鉄道グループ,94 金沢駅,田井町,9405系統上り
42173,10,北陸鉄道グループ,94 金沢駅,桜町,9405系統上り
42173,11,北陸鉄道グループ,94 金沢駅,暁町,9405系統上り
42173,12,北陸鉄道グループ,94 金沢駅,横山町,9405系統上り
42173,13,北陸鉄道グループ,94 金沢駅,小将町,9405系統上り
42173,14,北陸鉄道グループ,94 金沢駅,兼六園下,9405系統上り
42173,15,北陸鉄道グループ,94 金沢駅,広坂,9405系統上り
42173,16,北陸鉄道グループ,94 金沢駅,香林坊,9405系統上り
42173,17,北陸鉄道グループ,94 金沢駅,南町,9405系統上り
42173,18,北陸鉄道グループ,94 金沢駅,武蔵ヶ辻,9405系統上り
42173,19,北陸鉄道グループ,94 金沢駅,リファーレ前,9405系統上り
42173,20,北陸鉄道グループ,94 金沢駅,金沢駅,9405系統上り
42271,10,北陸鉄道,95北陸大学,旭町,上り
42473,0,北陸鉄道グループ,97 金沢駅,金沢大学,9705系統上り
42473,1,北陸鉄道グループ,97 金沢駅,金沢大学中央,9705系統上り
42473,2,北陸鉄道グループ,97 金沢駅,金沢大学自然研前,9705系統上り
42473,3,北陸鉄道グループ,97 金沢駅,角間新町,9705系統上り
42473,4,北陸鉄道グループ,97 金沢駅,若松,9705系統上り
42473,5,北陸鉄道グループ,97 金沢駅,若松西,9705系統上り
42473,6,北陸鉄道グループ,97 金沢駅,若松橋,9705系統上り
42473,7,北陸鉄道グループ,97 金沢駅,鈴見町,9705系統上り
42473,8,北陸鉄道グループ,97 金沢駅,桜町,9705系統上り
42473,9,北陸鉄道グループ,97 金沢駅,暁町,9705系統上り
42473,10,北陸鉄道グループ,97 金沢駅,横山町,9705系統上り
42473,11,北陸鉄道グループ,97 金沢駅,小将町,9705系統上り
42473,12,北陸鉄道グループ,97 金沢駅,兼六園下,9705系統上り
42473,13,北陸鉄道グループ,97 金沢駅,広坂,9705系統上り
42473,14,北陸鉄道グループ,97 金沢駅,香林坊,9705系統上り
42473,15,北陸鉄道グループ,97 金沢駅,南町,9705系統上り
42473,16,北陸鉄道グループ,97 金沢駅,武蔵ヶ辻,9705系統上り
42473,17,北陸鉄道グループ,97 金沢駅,リファーレ前,9705系統上り
42473,18,北陸鉄道グループ,97 金沢駅,金沢駅,9705系統上り
42575,7,北陸鉄道グループ,87野町・鳴和,中条,
42575,42,北陸鉄道グループ,87野町・鳴和,香林坊,
42687,0,北陸鉄道グループ,小松空港連絡バス,金沢駅,金沢駅→小松空港行き市内経由
42687,1,北陸鉄道グループ,小松空港連絡バス,武蔵ヶ辻,金沢駅→小松空港行き市内経由
42687,2,北陸鉄道グループ,小松空港連絡バス,香林坊,金沢駅→小松空港行き市内経由
42687,3,北陸鉄道グループ,小松空港連絡バス,片町,金沢駅→小松空港行き市内経由
42687,11,北陸鉄道グループ,小松空港連絡バス,小松空港,金沢駅→小松空港行き市内経由
